product_code,customer_code,market_code,order_date,sales_qty,sales_amount,currency,date,cy_date,year,month_name,date_yy_mmm
Prod005,Cus007,Mark004,2020-01-09,1,630,INR,2020-01-09,2020-01-01,2020,January,"20-Jan"
Prod005,Cus007,Mark004,2020-01-10,1,472,INR,2020-01-10,2020-01-01,2020,January,"20-Jan"
Prod005,Cus007,Mark004,2020-01-17,2,2042,INR,2020-01-17,2020-01-01,2020,January,"20-Jan"
Prod005,Cus007,Mark004,2020-02-07,1,417,INR,2020-02-07,2020-02-01,2020,February,"20-Feb"
Prod005,Cus007,Mark004,2020-02-14,1,310,INR,2020-02-14,2020-02-01,2020,February,"20-Feb"
Prod005,Cus007,Mark004,2020-02-28,1,208,INR,2020-02-28,2020-02-01,2020,February,"20-Feb"
Prod005,Cus007,Mark004,2020-03-06,1,620,INR,2020-03-06,2020-03-01,2020,March,"20-Mar"
Prod005,Cus007,Mark004,2020-03-13,1,620,INR,2020-03-13,2020-03-01,2020,March,"20-Mar"
Prod005,Cus007,Mark004,2020-04-03,1,829,INR,2020-04-03,2020-04-01,2020,April,"20-Apr"
Prod005,Cus007,Mark004,2020-04-14,4,2694,INR,2020-04-14,2020-04-01,2020,April,"20-Apr"
Prod005,Cus007,Mark004,2020-04-20,1,102,INR,2020-04-20,2020-04-01,2020,April,"20-Apr"
Prod005,Cus007,Mark004,2020-05-15,2,528,INR,2020-05-15,2020-05-01,2020,May,"20-May"
Prod011,Cus016,Mark002,2020-06-12,1,1028,INR,2020-06-12,2020-06-01,2020,June,"20-Jun"
Prod011,Cus016,Mark002,2020-06-16,1,514,INR,2020-06-16,2020-06-01,2020,June,"20-Jun"
Prod005,Cus007,Mark004,2020-01-09,1,630,"INR",2020-01-09,2020-01-01,2020,January,"20-Jan"
Prod005,Cus007,Mark004,2020-01-10,1,472,"INR",2020-01-10,2020-01-01,2020,January,"20-Jan"
Prod005,Cus007,Mark004,2020-01-17,2,2042,"INR",2020-01-17,2020-01-01,2020,January,"20-Jan"
Prod005,Cus007,Mark004,2020-02-07,1,417,"INR",2020-02-07,2020-02-01,2020,February,"20-Feb"
Prod005,Cus007,Mark004,2020-02-14,1,310,"INR",2020-02-14,2020-02-01,2020,February,"20-Feb"
Prod005,Cus007,Mark004,2020-02-28,1,208,"INR",2020-02-28,2020-02-01,2020,February,"20-Feb"
Prod005,Cus007,Mark004,2020-03-06,1,620,"INR",2020-03-06,2020-03-01,2020,March,"20-Mar"
Prod005,Cus007,Mark004,2020-03-13,1,620,"INR",2020-03-13,2020-03-01,2020,March,"20-Mar"
Prod005,Cus007,Mark004,2020-04-03,1,829,"INR",2020-04-03,2020-04-01,2020,April,"20-Apr"
Prod005,Cus007,Mark004,2020-04-14,4,2694,"INR",2020-04-14,2020-04-01,2020,April,"20-Apr"
Prod005,Cus007,Mark004,2020-04-20,1,102,"INR",2020-04-20,2020-04-01,2020,April,"20-Apr"
Prod005,Cus007,Mark004,2020-05-15,2,528,"INR",2020-05-15,2020-05-01,2020,May,"20-May"
Prod011,Cus016,Mark002,2020-06-12,1,1028,"INR",2020-06-12,2020-06-01,2020,June,"20-Jun"
Prod011,Cus016,Mark002,2020-06-16,1,514,"INR",2020-06-16,2020-06-01,2020,June,"20-Jun"
Prod018,Cus025,Mark002,2020-01-02,5,10495,"INR",2020-01-02,2020-01-01,2020,January,"20-Jan"
Prod018,Cus022,Mark002,2020-01-07,4,9190,"INR",2020-01-07,2020-01-01,2020,January,"20-Jan"
Prod018,Cus024,Mark002,2020-01-07,1,338,"INR",2020-01-07,2020-01-01,2020,January,"20-Jan"
Prod018,Cus022,Mark002,2020-01-07,27,56537,"INR",2020-01-07,2020-01-01,2020,January,"20-Jan"
Prod018,Cus022,Mark002,2020-01-08,3,6125,"INR",2020-01-08,2020-01-01,2020,January,"20-Jan"
Prod018,Cus025,Mark002,2020-01-08,14,31486,"INR",2020-01-08,2020-01-01,2020,January,"20-Jan"
Prod018,Cus022,Mark002,2020-01-09,5,12250,"INR",2020-01-09,2020-01-01,2020,January,"20-Jan"
Prod018,Cus022,Mark002,2020-01-10,3,6125,"INR",2020-01-10,2020-01-01,2020,January,"20-Jan"
Prod018,Cus024,Mark002,2020-01-14,1,1019,"INR",2020-01-14,2020-01-01,2020,January,"20-Jan"
Prod018,Cus022,Mark002,2020-01-14,13,28269,"INR",2020-01-14,2020-01-01,2020,January,"20-Jan"
Prod018,Cus022,Mark002,2020-01-16,4,9190,"INR",2020-01-16,2020-01-01,2020,January,"20-Jan"
Prod018,Cus025,Mark002,2020-01-16,15,34986,"INR",2020-01-16,2020-01-01,2020,January,"20-Jan"
Prod018,Cus022,Mark002,2020-01-16,27,56537,"INR",2020-01-16,2020-01-01,2020,January,"20-Jan"
Prod018,Cus016,Mark002,2020-01-17,1,2097,"INR",2020-01-17,2020-01-01,2020,January,"20-Jan"
Prod018,Cus022,Mark002,2020-01-17,7,15315,"INR",2020-01-17,2020-01-01,2020,January,"20-Jan"
Prod018,Cus022,Mark002,2020-01-20,1,3065,"INR",2020-01-20,2020-01-01,2020,January,"20-Jan"
Prod018,Cus024,Mark002,2020-01-21,1,338,"INR",2020-01-21,2020-01-01,2020,January,"20-Jan"
Prod018,Cus022,Mark002,2020-01-22,3,6125,"INR",2020-01-22,2020-01-01,2020,January,"20-Jan"
Prod018,Cus025,Mark002,2020-01-23,8,17495,"INR",2020-01-23,2020-01-01,2020,January,"20-Jan"
Prod018,Cus022,Mark002,2020-01-24,1,3065,"INR",2020-01-24,2020-01-01,2020,January,"20-Jan"
Prod018,Cus022,Mark002,2020-01-24,13,28269,"INR",2020-01-24,2020-01-01,2020,January,"20-Jan"
Prod018,Cus025,Mark002,2020-01-27,8,17495,"INR",2020-01-27,2020-01-01,2020,January,"20-Jan"
Prod018,Cus022,Mark002,2020-01-28,1,3065,"INR",2020-01-28,2020-01-01,2020,January,"20-Jan"
Prod018,Cus026,Mark008,2020-01-30,10,19750,"INR",2020-01-30,2020-01-01,2020,January,"20-Jan"
Prod018,Cus022,Mark002,2020-01-30,1,3065,"INR",2020-01-30,2020-01-01,2020,January,"20-Jan"
Prod018,Cus022,Mark002,2020-01-30,13,28269,"INR",2020-01-30,2020-01-01,2020,January,"20-Jan"
Prod018,Cus022,Mark002,2020-02-03,1,3065,"INR",2020-02-03,2020-02-01,2020,February,"20-Feb"
Prod018,Cus025,Mark002,2020-02-03,11,24491,"INR",2020-02-03,2020-02-01,2020,February,"20-Feb"
Prod018,Cus022,Mark002,2020-02-04,1,3065,"INR",2020-02-04,2020-02-01,2020,February,"20-Feb"
Prod018,Cus011,Mark003,2020-02-07,2,5236,"INR",2020-02-07,2020-02-01,2020,February,"20-Feb"
Prod018,Cus016,Mark002,2020-02-07,3,5935,"INR",2020-02-07,2020-02-01,2020,February,"20-Feb"
Prod018,Cus022,Mark002,2020-02-07,1,3065,"INR",2020-02-07,2020-02-01,2020,February,"20-Feb"
Prod018,Cus022,Mark002,2020-02-07,13,28269,"INR",2020-02-07,2020-02-01,2020,February,"20-Feb"
Prod018,Cus022,Mark002,2020-02-10,1,3065,"INR",2020-02-10,2020-02-01,2020,February,"20-Feb"
Prod018,Cus025,Mark002,2020-02-10,8,17495,"INR",2020-02-10,2020-02-01,2020,February,"20-Feb"
Prod018,Cus022,Mark002,2020-02-11,1,3065,"INR",2020-02-11,2020-02-01,2020,February,"20-Feb"
Prod018,Cus022,Mark002,2020-02-13,1,3065,"INR",2020-02-13,2020-02-01,2020,February,"20-Feb"
Prod018,Cus025,Mark002,2020-02-13,11,24491,"INR",2020-02-13,2020-02-01,2020,February,"20-Feb"
Prod018,Cus016,Mark002,2020-02-14,4,7685,"INR",2020-02-14,2020-02-01,2020,February,"20-Feb"
Prod018,Cus022,Mark002,2020-02-14,1,3065,"INR",2020-02-14,2020-02-01,2020,February,"20-Feb"
Prod018,Cus022,Mark002,2020-02-17,1,3065,"INR",2020-02-17,2020-02-01,2020,February,"20-Feb"
Prod018,Cus024,Mark002,2020-02-18,1,1356,"INR",2020-02-18,2020-02-01,2020,February,"20-Feb"
Prod018,Cus022,Mark002,2020-02-21,1,3065,"INR",2020-02-21,2020-02-01,2020,February,"20-Feb"
Prod018,Cus022,Mark002,2020-02-24,1,3065,"INR",2020-02-24,2020-02-01,2020,February,"20-Feb"
Prod018,Cus022,Mark002,2020-02-25,4,9190,"INR",2020-02-25,2020-02-01,2020,February,"20-Feb"
Prod018,Cus022,Mark002,2020-02-26,1,3065,"INR",2020-02-26,2020-02-01,2020,February,"20-Feb"
Prod018,Cus025,Mark002,2020-02-27,3,6995,"INR",2020-02-27,2020-02-01,2020,February,"20-Feb"
Prod018,Cus022,Mark002,2020-02-27,13,28269,"INR",2020-02-27,2020-02-01,2020,February,"20-Feb"
Prod018,Cus022,Mark002,2020-02-28,1,3065,"INR",2020-02-28,2020-02-01,2020,February,"20-Feb"
Prod018,Cus022,Mark002,2020-03-02,1,3065,"INR",2020-03-02,2020-03-01,2020,March,"20-Mar"
Prod018,Cus022,Mark002,2020-03-03,1,3065,"INR",2020-03-03,2020-03-01,2020,March,"20-Mar"
Prod018,Cus022,Mark002,2020-03-04,1,3065,"INR",2020-03-04,2020-03-01,2020,March,"20-Mar"
Prod018,Cus022,Mark002,2020-03-05,1,3065,"INR",2020-03-05,2020-03-01,2020,March,"20-Mar"
Prod018,Cus025,Mark002,2020-03-05,8,17495,"INR",2020-03-05,2020-03-01,2020,March,"20-Mar"
Prod018,Cus022,Mark002,2020-03-06,3,6125,"INR",2020-03-06,2020-03-01,2020,March,"20-Mar"
Prod018,Cus022,Mark002,2020-03-06,13,28269,"INR",2020-03-06,2020-03-01,2020,March,"20-Mar"
Prod018,Cus011,Mark003,2020-03-09,3,7856,"INR",2020-03-09,2020-03-01,2020,March,"20-Mar"
Prod018,Cus022,Mark002,2020-03-09,3,6125,"INR",2020-03-09,2020-03-01,2020,March,"20-Mar"
Prod018,Cus024,Mark002,2020-03-09,1,338,"INR",2020-03-09,2020-03-01,2020,March,"20-Mar"
Prod018,Cus022,Mark002,2020-03-10,1,3065,"INR",2020-03-10,2020-03-01,2020,March,"20-Mar"
Prod018,Cus022,Mark002,2020-03-10,13,28269,"INR",2020-03-10,2020-03-01,2020,March,"20-Mar"
Prod018,Cus022,Mark002,2020-03-11,3,6125,"INR",2020-03-11,2020-03-01,2020,March,"20-Mar"
Prod018,Cus025,Mark002,2020-03-12,8,17495,"INR",2020-03-12,2020-03-01,2020,March,"20-Mar"
Prod018,Cus022,Mark002,2020-03-12,13,28269,"INR",2020-03-12,2020-03-01,2020,March,"20-Mar"
Prod018,Cus016,Mark002,2020-03-13,2,4190,"INR",2020-03-13,2020-03-01,2020,March,"20-Mar"
Prod018,Cus022,Mark002,2020-03-13,4,9190,"INR",2020-03-13,2020-03-01,2020,March,"20-Mar"
Prod018,Cus022,Mark002,2020-03-16,1,3065,"INR",2020-03-16,2020-03-01,2020,March,"20-Mar"
Prod018,Cus024,Mark002,2020-03-16,1,338,"INR",2020-03-16,2020-03-01,2020,March,"20-Mar"
Prod018,Cus022,Mark002,2020-03-17,7,15315,"INR",2020-03-17,2020-03-01,2020,March,"20-Mar"
Prod018,Cus024,Mark002,2020-03-17,1,1356,"INR",2020-03-17,2020-03-01,2020,March,"20-Mar"
Prod018,Cus022,Mark002,2020-03-17,13,28269,"INR",2020-03-17,2020-03-01,2020,March,"20-Mar"
Prod018,Cus022,Mark002,2020-03-19,7,15315,"INR",2020-03-19,2020-03-01,2020,March,"20-Mar"
Prod018,Cus025,Mark002,2020-03-23,8,17495,"INR",2020-03-23,2020-03-01,2020,March,"20-Mar"
Prod018,Cus024,Mark002,2020-03-23,1,338,"INR",2020-03-23,2020-03-01,2020,March,"20-Mar"
Prod018,Cus022,Mark002,2020-03-24,13,28269,"INR",2020-03-24,2020-03-01,2020,March,"20-Mar"
Prod018,Cus016,Mark002,2020-03-27,1,699,"INR",2020-03-27,2020-03-01,2020,March,"20-Mar"
Prod018,Cus024,Mark002,2020-03-30,1,338,"INR",2020-03-30,2020-03-01,2020,March,"20-Mar"
Prod018,Cus025,Mark002,2020-04-02,8,17495,"INR",2020-04-02,2020-04-01,2020,April,"20-Apr"
Prod018,Cus016,Mark002,2020-04-07,88,184366,"INR",2020-04-07,2020-04-01,2020,April,"20-Apr"
Prod018,Cus022,Mark002,2020-04-09,7,15315,"INR",2020-04-09,2020-04-01,2020,April,"20-Apr"
Prod018,Cus011,Mark003,2020-04-16,1,1745,"INR",2020-04-16,2020-04-01,2020,April,"20-Apr"
Prod018,Cus016,Mark002,2020-04-16,4,7681,"INR",2020-04-16,2020-04-01,2020,April,"20-Apr"
Prod018,Cus022,Mark002,2020-04-16,7,15315,"INR",2020-04-16,2020-04-01,2020,April,"20-Apr"
Prod018,Cus016,Mark002,2020-04-17,5,11171,"INR",2020-04-17,2020-04-01,2020,April,"20-Apr"
Prod018,Cus024,Mark002,2020-04-20,1,338,"INR",2020-04-20,2020-04-01,2020,April,"20-Apr"
Prod018,Cus022,Mark002,2020-04-20,13,28269,"INR",2020-04-20,2020-04-01,2020,April,"20-Apr"
Prod018,Cus025,Mark002,2020-04-21,8,17495,"INR",2020-04-21,2020-04-01,2020,April,"20-Apr"
Prod018,Cus016,Mark002,2020-04-22,23,48880,"INR",2020-04-22,2020-04-01,2020,April,"20-Apr"
Prod018,Cus022,Mark002,2020-04-22,13,30625,"INR",2020-04-22,2020-04-01,2020,April,"20-Apr"
Prod018,Cus024,Mark002,2020-04-27,1,681,"INR",2020-04-27,2020-04-01,2020,April,"20-Apr"
Prod018,Cus016,Mark002,2020-04-28,14,28282,"INR",2020-04-28,2020-04-01,2020,April,"20-Apr"
Prod018,Cus022,Mark002,2020-04-30,7,15315,"INR",2020-04-30,2020-04-01,2020,April,"20-Apr"
Prod018,Cus022,Mark002,2020-04-30,13,28269,"INR",2020-04-30,2020-04-01,2020,April,"20-Apr"
Prod018,Cus022,Mark002,2020-05-01,7,15315,"INR",2020-05-01,2020-05-01,2020,May,"20-May"
Prod018,Cus016,Mark002,2020-05-05,33,68796,"INR",2020-05-05,2020-05-01,2020,May,"20-May"
Prod018,Cus022,Mark002,2020-05-05,13,30625,"INR",2020-05-05,2020-05-01,2020,May,"20-May"
Prod018,Cus024,Mark002,2020-05-05,1,338,"INR",2020-05-05,2020-05-01,2020,May,"20-May"
Prod018,Cus022,Mark002,2020-05-06,7,15315,"INR",2020-05-06,2020-05-01,2020,May,"20-May"
Prod018,Cus016,Mark002,2020-05-08,128,268505,"INR",2020-05-08,2020-05-01,2020,May,"20-May"
Prod018,Cus025,Mark002,2020-05-12,8,17495,"INR",2020-05-12,2020-05-01,2020,May,"20-May"
Prod018,Cus022,Mark002,2020-05-12,13,28269,"INR",2020-05-12,2020-05-01,2020,May,"20-May"
Prod018,Cus016,Mark002,2020-05-14,11,22343,"INR",2020-05-14,2020-05-01,2020,May,"20-May"
Prod018,Cus025,Mark002,2020-05-18,7,15551,"INR",2020-05-18,2020-05-01,2020,May,"20-May"
Prod018,Cus022,Mark002,2020-05-18,13,28269,"INR",2020-05-18,2020-05-01,2020,May,"20-May"
Prod018,Cus016,Mark002,2020-05-21,34,71231,"INR",2020-05-21,2020-05-01,2020,May,"20-May"
Prod018,Cus016,Mark002,2020-05-22,5,9426,"INR",2020-05-22,2020-05-01,2020,May,"20-May"
Prod018,Cus022,Mark002,2020-05-26,7,15315,"INR",2020-05-26,2020-05-01,2020,May,"20-May"
Prod018,Cus024,Mark002,2020-05-26,1,1356,"INR",2020-05-26,2020-05-01,2020,May,"20-May"
Prod018,Cus022,Mark002,2020-05-27,13,30625,"INR",2020-05-27,2020-05-01,2020,May,"20-May"
Prod018,Cus022,Mark002,2020-05-27,13,28269,"INR",2020-05-27,2020-05-01,2020,May,"20-May"
Prod018,Cus025,Mark002,2020-05-29,8,17495,"INR",2020-05-29,2020-05-01,2020,May,"20-May"
Prod018,Cus016,Mark002,2020-05-30,62,129889,"INR",2020-05-30,2020-05-01,2020,May,"20-May"
Prod018,Cus011,Mark003,2020-06-02,1,875,"INR",2020-06-02,2020-06-01,2020,June,"20-Jun"
Prod018,Cus016,Mark002,2020-06-02,5,10829,"INR",2020-06-02,2020-06-01,2020,June,"20-Jun"
Prod018,Cus022,Mark002,2020-06-02,13,28269,"INR",2020-06-02,2020-06-01,2020,June,"20-Jun"
Prod018,Cus016,Mark002,2020-06-03,3,6287,"INR",2020-06-03,2020-06-01,2020,June,"20-Jun"
Prod018,Cus022,Mark002,2020-06-03,27,61255,"INR",2020-06-03,2020-06-01,2020,June,"20-Jun"
Prod018,Cus016,Mark002,2020-06-04,15,31421,"INR",2020-06-04,2020-06-01,2020,June,"20-Jun"
Prod018,Cus022,Mark002,2020-06-04,13,30625,"INR",2020-06-04,2020-06-01,2020,June,"20-Jun"
Prod018,Cus025,Mark002,2020-06-04,15,34986,"INR",2020-06-04,2020-06-01,2020,June,"20-Jun"
Prod018,Cus022,Mark002,2020-06-04,13,28269,"INR",2020-06-04,2020-06-01,2020,June,"20-Jun"
Prod018,Cus016,Mark002,2020-06-05,15,31079,"INR",2020-06-05,2020-06-01,2020,June,"20-Jun"
Prod018,Cus011,Mark003,2020-06-08,1,875,"INR",2020-06-08,2020-06-01,2020,June,"20-Jun"
Prod018,Cus016,Mark002,2020-06-08,11,21995,"INR",2020-06-08,2020-06-01,2020,June,"20-Jun"
Prod018,Cus024,Mark002,2020-06-08,1,338,"INR",2020-06-08,2020-06-01,2020,June,"20-Jun"
Prod018,Cus025,Mark002,2020-06-11,8,17495,"INR",2020-06-11,2020-06-01,2020,June,"20-Jun"
Prod018,Cus016,Mark002,2020-06-12,34,70181,"INR",2020-06-12,2020-06-01,2020,June,"20-Jun"
Prod018,Cus025,Mark002,2020-06-15,8,17495,"INR",2020-06-15,2020-06-01,2020,June,"20-Jun"
Prod024,Cus017,Mark007,2020-01-22,5,4667,"INR",2020-01-22,2020-01-01,2020,January,"20-Jan"
Prod024,Cus007,Mark004,2020-02-14,6,10097,"INR",2020-02-14,2020-02-01,2020,February,"20-Feb"
Prod024,Cus017,Mark007,2020-02-28,104,104000,"INR",2020-02-28,2020-02-01,2020,February,"20-Feb"
Prod024,Cus017,Mark007,2020-03-20,47,47000,"INR",2020-03-20,2020-03-01,2020,March,"20-Mar"
Prod024,Cus007,Mark004,2020-04-14,73,130083,"INR",2020-04-14,2020-04-01,2020,April,"20-Apr"
Prod024,Cus007,Mark004,2020-04-20,42,75435,"INR",2020-04-20,2020-04-01,2020,April,"20-Apr"
Prod024,Cus007,Mark004,2020-05-25,1,593,"INR",2020-05-25,2020-05-01,2020,May,"20-May"
Prod024,Cus007,Mark004,2020-06-08,1,2375,"INR",2020-06-08,2020-06-01,2020,June,"20-Jun"
Prod024,Cus007,Mark004,2020-06-15,35,62963,"INR",2020-06-15,2020-06-01,2020,June,"20-Jun"
Prod025,Cus007,Mark004,2020-01-10,1,2380,"INR",2020-01-10,2020-01-01,2020,January,"20-Jan"
Prod025,Cus007,Mark004,2020-01-17,1,3569,"INR",2020-01-17,2020-01-01,2020,January,"20-Jan"
Prod025,Cus007,Mark004,2020-02-07,1,782,"INR",2020-02-07,2020-02-01,2020,February,"20-Feb"
Prod025,Cus007,Mark004,2020-02-21,10,23514,"INR",2020-02-21,2020-02-01,2020,February,"20-Feb"
Prod025,Cus007,Mark004,2020-03-06,24,57218,"INR",2020-03-06,2020-03-01,2020,March,"20-Mar"
Prod025,Cus016,Mark002,2020-03-06,2,3833,"INR",2020-03-06,2020-03-01,2020,March,"20-Mar"
Prod025,Cus016,Mark002,2020-03-12,18,42171,"INR",2020-03-12,2020-03-01,2020,March,"20-Mar"
Prod025,Cus016,Mark002,2020-03-13,1,1537,"INR",2020-03-13,2020-03-01,2020,March,"20-Mar"
Prod025,Cus016,Mark002,2020-03-24,9,19935,"INR",2020-03-24,2020-03-01,2020,March,"20-Mar"
Prod025,Cus007,Mark004,2020-04-03,9,21944,"INR",2020-04-03,2020-04-01,2020,April,"20-Apr"
Prod025,Cus016,Mark002,2020-04-07,5,10736,"INR",2020-04-07,2020-04-01,2020,April,"20-Apr"
Prod025,Cus016,Mark002,2020-04-16,2,4602,"INR",2020-04-16,2020-04-01,2020,April,"20-Apr"
Prod025,Cus007,Mark004,2020-04-17,23,53296,"INR",2020-04-17,2020-04-01,2020,April,"20-Apr"
Prod025,Cus016,Mark002,2020-04-22,10,22236,"INR",2020-04-22,2020-04-01,2020,April,"20-Apr"
Prod025,Cus016,Mark002,2020-05-08,1,1532,"INR",2020-05-08,2020-05-01,2020,May,"20-May"
Prod025,Cus016,Mark002,2020-05-14,1,1532,"INR",2020-05-14,2020-05-01,2020,May,"20-May"
Prod025,Cus016,Mark002,2020-05-30,17,39102,"INR",2020-05-30,2020-05-01,2020,May,"20-May"
Prod025,Cus016,Mark002,2020-06-05,25,57505,"INR",2020-06-05,2020-06-01,2020,June,"20-Jun"
Prod025,Cus007,Mark004,2020-06-15,22,52514,"INR",2020-06-15,2020-06-01,2020,June,"20-Jun"
Prod025,Cus016,Mark002,2020-06-16,8,17634,"INR",2020-06-16,2020-06-01,2020,June,"20-Jun"
Prod030,Cus007,Mark004,2020-02-07,12,5046,"INR",2020-02-07,2020-02-01,2020,February,"20-Feb"
Prod040,Cus006,Mark004,2020-01-03,40,68727,"INR",2020-01-03,2020-01-01,2020,January,"20-Jan"
Prod040,Cus005,Mark004,2020-01-09,7,8648,"INR",2020-01-09,2020-01-01,2020,January,"20-Jan"
Prod040,Cus007,Mark004,2020-01-09,3,2880,"INR",2020-01-09,2020-01-01,2020,January,"20-Jan"
Prod040,Cus033,Mark005,2020-01-10,5,5407,"INR",2020-01-10,2020-01-01,2020,January,"20-Jan"
Prod040,Cus005,Mark004,2020-01-10,7,8648,"INR",2020-01-10,2020-01-01,2020,January,"20-Jan"
Prod040,Cus007,Mark004,2020-01-10,1,653,"INR",2020-01-10,2020-01-01,2020,January,"20-Jan"
Prod040,Cus020,Mark004,2020-01-13,1,481,"INR",2020-01-13,2020-01-01,2020,January,"20-Jan"
Prod040,Cus005,Mark004,2020-01-14,13,17296,"INR",2020-01-14,2020-01-01,2020,January,"20-Jan"
Prod040,Cus008,Mark005,2020-01-15,40,68329,"INR",2020-01-15,2020-01-01,2020,January,"20-Jan"
Prod040,Cus005,Mark004,2020-01-16,40,51884,"INR",2020-01-16,2020-01-01,2020,January,"20-Jan"
Prod040,Cus006,Mark004,2020-01-16,40,68727,"INR",2020-01-16,2020-01-01,2020,January,"20-Jan"
Prod040,Cus020,Mark004,2020-01-16,1,481,"INR",2020-01-16,2020-01-01,2020,January,"20-Jan"
Prod040,Cus033,Mark005,2020-01-17,2,1690,"INR",2020-01-17,2020-01-01,2020,January,"20-Jan"
Prod040,Cus001,Mark001,2020-01-17,40,25116,"INR",2020-01-17,2020-01-01,2020,January,"20-Jan"
Prod040,Cus005,Mark004,2020-01-17,7,8648,"INR",2020-01-17,2020-01-01,2020,January,"20-Jan"
Prod040,Cus006,Mark004,2020-01-20,13,22907,"INR",2020-01-20,2020-01-01,2020,January,"20-Jan"
Prod040,Cus020,Mark004,2020-01-20,1,481,"INR",2020-01-20,2020-01-01,2020,January,"20-Jan"
Prod040,Cus001,Mark001,2020-01-21,80,56083,"INR",2020-01-21,2020-01-01,2020,January,"20-Jan"
Prod040,Cus005,Mark004,2020-01-21,7,8648,"INR",2020-01-21,2020-01-01,2020,January,"20-Jan"
Prod040,Cus020,Mark004,2020-01-22,1,481,"INR",2020-01-22,2020-01-01,2020,January,"20-Jan"
Prod040,Cus006,Mark004,2020-01-23,33,57273,"INR",2020-01-23,2020-01-01,2020,January,"20-Jan"
Prod040,Cus033,Mark005,2020-01-24,2,2028,"INR",2020-01-24,2020-01-01,2020,January,"20-Jan"
Prod040,Cus020,Mark004,2020-01-24,1,481,"INR",2020-01-24,2020-01-01,2020,January,"20-Jan"
Prod040,Cus001,Mark001,2020-01-28,40,25116,"INR",2020-01-28,2020-01-01,2020,January,"20-Jan"
Prod040,Cus005,Mark004,2020-01-29,7,8648,"INR",2020-01-29,2020-01-01,2020,January,"20-Jan"
Prod040,Cus006,Mark004,2020-01-29,27,45819,"INR",2020-01-29,2020-01-01,2020,January,"20-Jan"
Prod040,Cus033,Mark005,2020-01-31,1,1014,"INR",2020-01-31,2020-01-01,2020,January,"20-Jan"
Prod040,Cus006,Mark004,2020-02-03,20,33912,"INR",2020-02-03,2020-02-01,2020,February,"20-Feb"
Prod040,Cus020,Mark004,2020-02-03,1,481,"INR",2020-02-03,2020-02-01,2020,February,"20-Feb"
Prod040,Cus020,Mark004,2020-02-04,1,481,"INR",2020-02-04,2020-02-01,2020,February,"20-Feb"
Prod040,Cus005,Mark004,2020-02-06,13,17296,"INR",2020-02-06,2020-02-01,2020,February,"20-Feb"
Prod040,Cus033,Mark005,2020-02-07,1,676,"INR",2020-02-07,2020-02-01,2020,February,"20-Feb"
Prod040,Cus005,Mark004,2020-02-07,1,431,"INR",2020-02-07,2020-02-01,2020,February,"20-Feb"
Prod040,Cus020,Mark004,2020-02-07,1,481,"INR",2020-02-07,2020-02-01,2020,February,"20-Feb"
Prod040,Cus006,Mark004,2020-02-10,7,10648,"INR",2020-02-10,2020-02-01,2020,February,"20-Feb"
Prod040,Cus020,Mark004,2020-02-11,1,481,"INR",2020-02-11,2020-02-01,2020,February,"20-Feb"
Prod040,Cus006,Mark004,2020-02-12,20,34361,"INR",2020-02-12,2020-02-01,2020,February,"20-Feb"
Prod040,Cus001,Mark001,2020-02-13,40,25116,"INR",2020-02-13,2020-02-01,2020,February,"20-Feb"
Prod040,Cus033,Mark005,2020-02-14,1,338,"INR",2020-02-14,2020-02-01,2020,February,"20-Feb"
Prod040,Cus005,Mark004,2020-02-17,1,431,"INR",2020-02-17,2020-02-01,2020,February,"20-Feb"
Prod040,Cus005,Mark004,2020-02-20,7,8648,"INR",2020-02-20,2020-02-01,2020,February,"20-Feb"
Prod040,Cus033,Mark005,2020-02-21,2,2028,"INR",2020-02-21,2020-02-01,2020,February,"20-Feb"
Prod040,Cus006,Mark004,2020-02-21,7,10648,"INR",2020-02-21,2020-02-01,2020,February,"20-Feb"
Prod040,Cus006,Mark004,2020-02-24,7,10648,"INR",2020-02-24,2020-02-01,2020,February,"20-Feb"
Prod040,Cus005,Mark004,2020-02-25,13,17296,"INR",2020-02-25,2020-02-01,2020,February,"20-Feb"
Prod040,Cus005,Mark004,2020-02-27,7,8648,"INR",2020-02-27,2020-02-01,2020,February,"20-Feb"
Prod040,Cus020,Mark004,2020-02-27,1,481,"INR",2020-02-27,2020-02-01,2020,February,"20-Feb"
Prod040,Cus033,Mark005,2020-02-28,1,1352,"INR",2020-02-28,2020-02-01,2020,February,"20-Feb"
Prod040,Cus005,Mark004,2020-03-03,7,8648,"INR",2020-03-03,2020-03-01,2020,March,"20-Mar"
Prod040,Cus006,Mark004,2020-03-03,7,10648,"INR",2020-03-03,2020-03-01,2020,March,"20-Mar"
Prod040,Cus005,Mark004,2020-03-05,1,431,"INR",2020-03-05,2020-03-01,2020,March,"20-Mar"
Prod040,Cus033,Mark005,2020-03-06,2,2028,"INR",2020-03-06,2020-03-01,2020,March,"20-Mar"
Prod040,Cus005,Mark004,2020-03-12,20,25940,"INR",2020-03-12,2020-03-01,2020,March,"20-Mar"
Prod040,Cus033,Mark005,2020-03-13,1,338,"INR",2020-03-13,2020-03-01,2020,March,"20-Mar"
Prod040,Cus020,Mark004,2020-03-13,1,481,"INR",2020-03-13,2020-03-01,2020,March,"20-Mar"
Prod040,Cus020,Mark004,2020-03-16,1,481,"INR",2020-03-16,2020-03-01,2020,March,"20-Mar"
Prod040,Cus008,Mark005,2020-03-18,40,68486,"INR",2020-03-18,2020-03-01,2020,March,"20-Mar"
Prod040,Cus006,Mark004,2020-03-19,20,38222,"INR",2020-03-19,2020-03-01,2020,March,"20-Mar"
Prod040,Cus033,Mark005,2020-03-20,5,4731,"INR",2020-03-20,2020-03-01,2020,March,"20-Mar"
Prod040,Cus006,Mark004,2020-03-20,40,78361,"INR",2020-03-20,2020-03-01,2020,March,"20-Mar"
Prod040,Cus005,Mark004,2020-03-25,7,8648,"INR",2020-03-25,2020-03-01,2020,March,"20-Mar"
Prod040,Cus005,Mark004,2020-03-26,13,17296,"INR",2020-03-26,2020-03-01,2020,March,"20-Mar"
Prod040,Cus006,Mark004,2020-03-26,7,11454,"INR",2020-03-26,2020-03-01,2020,March,"20-Mar"
Prod040,Cus006,Mark004,2020-03-27,7,10648,"INR",2020-03-27,2020-03-01,2020,March,"20-Mar"
Prod040,Cus005,Mark004,2020-03-31,47,60532,"INR",2020-03-31,2020-03-01,2020,March,"20-Mar"
Prod040,Cus005,Mark004,2020-04-01,7,8648,"INR",2020-04-01,2020-04-01,2020,April,"20-Apr"
Prod040,Cus005,Mark004,2020-04-06,1,431,"INR",2020-04-06,2020-04-01,2020,April,"20-Apr"
Prod040,Cus005,Mark004,2020-04-07,7,8648,"INR",2020-04-07,2020-04-01,2020,April,"20-Apr"
Prod040,Cus006,Mark004,2020-04-09,80,152894,"INR",2020-04-09,2020-04-01,2020,April,"20-Apr"
Prod040,Cus006,Mark004,2020-04-14,13,22907,"INR",2020-04-14,2020-04-01,2020,April,"20-Apr"
Prod040,Cus001,Mark001,2020-04-15,40,28042,"INR",2020-04-15,2020-04-01,2020,April,"20-Apr"
Prod040,Cus005,Mark004,2020-04-15,7,8648,"INR",2020-04-15,2020-04-01,2020,April,"20-Apr"
Prod040,Cus005,Mark004,2020-04-17,7,8648,"INR",2020-04-17,2020-04-01,2020,April,"20-Apr"
Prod040,Cus020,Mark004,2020-04-17,1,481,"INR",2020-04-17,2020-04-01,2020,April,"20-Apr"
Prod040,Cus005,Mark004,2020-04-20,7,8648,"INR",2020-04-20,2020-04-01,2020,April,"20-Apr"
Prod040,Cus006,Mark004,2020-04-21,80,152894,"INR",2020-04-21,2020-04-01,2020,April,"20-Apr"
Prod040,Cus001,Mark001,2020-04-23,40,28042,"INR",2020-04-23,2020-04-01,2020,April,"20-Apr"
Prod040,Cus005,Mark004,2020-04-23,7,8648,"INR",2020-04-23,2020-04-01,2020,April,"20-Apr"
Prod040,Cus006,Mark004,2020-04-23,7,10648,"INR",2020-04-23,2020-04-01,2020,April,"20-Apr"
Prod040,Cus005,Mark004,2020-04-24,7,8648,"INR",2020-04-24,2020-04-01,2020,April,"20-Apr"
Prod040,Cus007,Mark004,2020-04-24,1,574,"INR",2020-04-24,2020-04-01,2020,April,"20-Apr"
Prod040,Cus006,Mark004,2020-04-27,27,45810,"INR",2020-04-27,2020-04-01,2020,April,"20-Apr"
Prod040,Cus005,Mark004,2020-04-28,40,51884,"INR",2020-04-28,2020-04-01,2020,April,"20-Apr"
Prod040,Cus006,Mark004,2020-04-28,7,10648,"INR",2020-04-28,2020-04-01,2020,April,"20-Apr"
Prod040,Cus020,Mark004,2020-04-29,1,481,"INR",2020-04-29,2020-04-01,2020,April,"20-Apr"
Prod040,Cus007,Mark004,2020-05-04,2,1866,"INR",2020-05-04,2020-05-01,2020,May,"20-May"
Prod040,Cus005,Mark004,2020-05-05,47,60532,"INR",2020-05-05,2020-05-01,2020,May,"20-May"
Prod040,Cus006,Mark004,2020-05-05,13,22907,"INR",2020-05-05,2020-05-01,2020,May,"20-May"
Prod040,Cus020,Mark004,2020-05-05,1,481,"INR",2020-05-05,2020-05-01,2020,May,"20-May"
Prod040,Cus006,Mark004,2020-05-06,20,34361,"INR",2020-05-06,2020-05-01,2020,May,"20-May"
Prod040,Cus005,Mark004,2020-05-08,7,8648,"INR",2020-05-08,2020-05-01,2020,May,"20-May"
Prod040,Cus005,Mark004,2020-05-12,7,8648,"INR",2020-05-12,2020-05-01,2020,May,"20-May"
Prod040,Cus006,Mark004,2020-05-12,40,65662,"INR",2020-05-12,2020-05-01,2020,May,"20-May"
Prod040,Cus005,Mark004,2020-05-13,7,8648,"INR",2020-05-13,2020-05-01,2020,May,"20-May"
Prod040,Cus006,Mark004,2020-05-13,40,68718,"INR",2020-05-13,2020-05-01,2020,May,"20-May"
Prod040,Cus001,Mark001,2020-05-15,40,28042,"INR",2020-05-15,2020-05-01,2020,May,"20-May"
Prod040,Cus006,Mark004,2020-05-15,80,152894,"INR",2020-05-15,2020-05-01,2020,May,"20-May"
Prod040,Cus005,Mark004,2020-05-19,7,8648,"INR",2020-05-19,2020-05-01,2020,May,"20-May"
Prod040,Cus007,Mark004,2020-05-22,1,574,"INR",2020-05-22,2020-05-01,2020,May,"20-May"
Prod040,Cus005,Mark004,2020-05-26,1,431,"INR",2020-05-26,2020-05-01,2020,May,"20-May"
Prod040,Cus005,Mark004,2020-05-27,7,8648,"INR",2020-05-27,2020-05-01,2020,May,"20-May"
Prod040,Cus005,Mark004,2020-05-28,7,8648,"INR",2020-05-28,2020-05-01,2020,May,"20-May"
Prod040,Cus020,Mark004,2020-06-02,1,958,"INR",2020-06-02,2020-06-01,2020,June,"20-Jun"
Prod040,Cus007,Mark004,2020-06-02,1,329,"INR",2020-06-02,2020-06-01,2020,June,"20-Jun"
Prod040,Cus006,Mark004,2020-06-03,7,10648,"INR",2020-06-03,2020-06-01,2020,June,"20-Jun"
Prod040,Cus006,Mark004,2020-06-04,1,481,"INR",2020-06-04,2020-06-01,2020,June,"20-Jun"
Prod040,Cus006,Mark004,2020-06-05,53,101269,"INR",2020-06-05,2020-06-01,2020,June,"20-Jun"
Prod040,Cus007,Mark004,2020-06-05,1,574,"INR",2020-06-05,2020-06-01,2020,June,"20-Jun"
Prod040,Cus005,Mark004,2020-06-09,47,60963,"INR",2020-06-09,2020-06-01,2020,June,"20-Jun"
Prod040,Cus020,Mark004,2020-06-10,7,10551,"INR",2020-06-10,2020-06-01,2020,June,"20-Jun"
Prod040,Cus001,Mark001,2020-06-11,40,28042,"INR",2020-06-11,2020-06-01,2020,June,"20-Jun"
Prod040,Cus005,Mark004,2020-06-12,7,8648,"INR",2020-06-12,2020-06-01,2020,June,"20-Jun"
Prod040,Cus006,Mark004,2020-06-12,7,10648,"INR",2020-06-12,2020-06-01,2020,June,"20-Jun"
Prod040,Cus001,Mark001,2020-06-18,40,25116,"INR",2020-06-18,2020-06-01,2020,June,"20-Jun"
Prod041,Cus035,Mark007,2020-01-02,1,394,"INR",2020-01-02,2020-01-01,2020,January,"20-Jan"
Prod041,Cus037,Mark007,2020-01-03,1,444,"INR",2020-01-03,2020-01-01,2020,January,"20-Jan"
Prod041,Cus037,Mark007,2020-01-07,1,454,"INR",2020-01-07,2020-01-01,2020,January,"20-Jan"
Prod041,Cus035,Mark007,2020-01-08,1,394,"INR",2020-01-08,2020-01-01,2020,January,"20-Jan"
Prod041,Cus037,Mark007,2020-01-09,1,1338,"INR",2020-01-09,2020-01-01,2020,January,"20-Jan"
Prod041,Cus037,Mark007,2020-01-10,1,444,"INR",2020-01-10,2020-01-01,2020,January,"20-Jan"
Prod041,Cus037,Mark007,2020-01-14,1,894,"INR",2020-01-14,2020-01-01,2020,January,"20-Jan"
Prod041,Cus035,Mark007,2020-01-14,1,787,"INR",2020-01-14,2020-01-01,2020,January,"20-Jan"
Prod041,Cus037,Mark007,2020-01-15,1,444,"INR",2020-01-15,2020-01-01,2020,January,"20-Jan"
Prod041,Cus037,Mark007,2020-01-17,1,1792,"INR",2020-01-17,2020-01-01,2020,January,"20-Jan"
Prod041,Cus037,Mark007,2020-01-21,1,1792,"INR",2020-01-21,2020-01-01,2020,January,"20-Jan"
Prod041,Cus036,Mark007,2020-01-22,1,810,"INR",2020-01-22,2020-01-01,2020,January,"20-Jan"
Prod041,Cus035,Mark007,2020-01-22,1,1579,"INR",2020-01-22,2020-01-01,2020,January,"20-Jan"
Prod041,Cus035,Mark007,2020-01-23,1,787,"INR",2020-01-23,2020-01-01,2020,January,"20-Jan"
Prod041,Cus035,Mark007,2020-01-28,1,1181,"INR",2020-01-28,2020-01-01,2020,January,"20-Jan"
Prod041,Cus035,Mark007,2020-01-29,1,787,"INR",2020-01-29,2020-01-01,2020,January,"20-Jan"
Prod041,Cus037,Mark007,2020-02-04,1,444,"INR",2020-02-04,2020-02-01,2020,February,"20-Feb"
Prod041,Cus035,Mark007,2020-02-05,1,787,"INR",2020-02-05,2020-02-01,2020,February,"20-Feb"
Prod041,Cus037,Mark007,2020-02-07,1,444,"INR",2020-02-07,2020-02-01,2020,February,"20-Feb"
Prod041,Cus036,Mark007,2020-02-12,1,403,"INR",2020-02-12,2020-02-01,2020,February,"20-Feb"
Prod041,Cus035,Mark007,2020-02-12,1,394,"INR",2020-02-12,2020-02-01,2020,February,"20-Feb"
Prod041,Cus037,Mark007,2020-02-18,1,894,"INR",2020-02-18,2020-02-01,2020,February,"20-Feb"
Prod041,Cus035,Mark007,2020-02-18,1,787,"INR",2020-02-18,2020-02-01,2020,February,"20-Feb"
Prod041,Cus035,Mark007,2020-02-19,1,394,"INR",2020-02-19,2020-02-01,2020,February,"20-Feb"
Prod041,Cus017,Mark007,2020-02-21,19,12690,"INR",2020-02-21,2020-02-01,2020,February,"20-Feb"
Prod041,Cus037,Mark007,2020-02-21,1,894,"INR",2020-02-21,2020-02-01,2020,February,"20-Feb"
Prod041,Cus035,Mark007,2020-02-26,1,787,"INR",2020-02-26,2020-02-01,2020,February,"20-Feb"
Prod041,Cus035,Mark007,2020-03-03,1,394,"INR",2020-03-03,2020-03-01,2020,March,"20-Mar"
Prod041,Cus036,Mark007,2020-03-11,1,403,"INR",2020-03-11,2020-03-01,2020,March,"20-Mar"
Prod041,Cus037,Mark007,2020-03-12,1,454,"INR",2020-03-12,2020-03-01,2020,March,"20-Mar"
Prod041,Cus037,Mark007,2020-03-13,1,444,"INR",2020-03-13,2020-03-01,2020,March,"20-Mar"
Prod041,Cus037,Mark007,2020-03-17,1,444,"INR",2020-03-17,2020-03-01,2020,March,"20-Mar"
Prod041,Cus037,Mark007,2020-03-18,1,444,"INR",2020-03-18,2020-03-01,2020,March,"20-Mar"
Prod041,Cus035,Mark007,2020-03-18,1,394,"INR",2020-03-18,2020-03-01,2020,March,"20-Mar"
Prod041,Cus017,Mark007,2020-03-20,25,16190,"INR",2020-03-20,2020-03-01,2020,March,"20-Mar"
Prod041,Cus037,Mark007,2020-03-20,2,2227,"INR",2020-03-20,2020-03-01,2020,March,"20-Mar"
Prod041,Cus035,Mark007,2020-03-20,1,394,"INR",2020-03-20,2020-03-01,2020,March,"20-Mar"
Prod041,Cus037,Mark007,2020-03-24,1,894,"INR",2020-03-24,2020-03-01,2020,March,"20-Mar"
Prod041,Cus035,Mark007,2020-03-25,1,394,"INR",2020-03-25,2020-03-01,2020,March,"20-Mar"
Prod041,Cus037,Mark007,2020-03-27,1,444,"INR",2020-03-27,2020-03-01,2020,March,"20-Mar"
Prod041,Cus035,Mark007,2020-03-30,1,394,"INR",2020-03-30,2020-03-01,2020,March,"20-Mar"
Prod041,Cus037,Mark007,2020-03-31,1,444,"INR",2020-03-31,2020-03-01,2020,March,"20-Mar"
Prod041,Cus037,Mark007,2020-04-01,1,444,"INR",2020-04-01,2020-04-01,2020,April,"20-Apr"
Prod041,Cus037,Mark007,2020-04-07,1,894,"INR",2020-04-07,2020-04-01,2020,April,"20-Apr"
Prod041,Cus035,Mark007,2020-04-07,1,394,"INR",2020-04-07,2020-04-01,2020,April,"20-Apr"
Prod041,Cus037,Mark007,2020-04-14,1,444,"INR",2020-04-14,2020-04-01,2020,April,"20-Apr"
Prod041,Cus035,Mark007,2020-04-15,1,394,"INR",2020-04-15,2020-04-01,2020,April,"20-Apr"
Prod041,Cus037,Mark007,2020-04-17,1,444,"INR",2020-04-17,2020-04-01,2020,April,"20-Apr"
Prod041,Cus035,Mark007,2020-04-17,1,1574,"INR",2020-04-17,2020-04-01,2020,April,"20-Apr"
Prod041,Cus037,Mark007,2020-04-21,1,444,"INR",2020-04-21,2020-04-01,2020,April,"20-Apr"
Prod041,Cus035,Mark007,2020-04-21,1,394,"INR",2020-04-21,2020-04-01,2020,April,"20-Apr"
Prod041,Cus037,Mark007,2020-04-24,1,444,"INR",2020-04-24,2020-04-01,2020,April,"20-Apr"
Prod041,Cus017,Mark007,2020-04-27,8,5032,"INR",2020-04-27,2020-04-01,2020,April,"20-Apr"
Prod041,Cus035,Mark007,2020-04-27,1,787,"INR",2020-04-27,2020-04-01,2020,April,"20-Apr"
Prod041,Cus037,Mark007,2020-05-05,1,894,"INR",2020-05-05,2020-05-01,2020,May,"20-May"
Prod041,Cus036,Mark007,2020-05-06,2,2023,"INR",2020-05-06,2020-05-01,2020,May,"20-May"
Prod041,Cus035,Mark007,2020-05-06,1,394,"INR",2020-05-06,2020-05-01,2020,May,"20-May"
Prod041,Cus037,Mark007,2020-05-08,1,898,"INR",2020-05-08,2020-05-01,2020,May,"20-May"
Prod041,Cus001,Mark010,2020-05-11,3,921,"INR",2020-05-11,2020-05-01,2020,May,"20-May"
Prod041,Cus037,Mark007,2020-05-12,1,454,"INR",2020-05-12,2020-05-01,2020,May,"20-May"
Prod041,Cus036,Mark007,2020-05-13,1,403,"INR",2020-05-13,2020-05-01,2020,May,"20-May"
Prod041,Cus035,Mark007,2020-05-13,1,394,"INR",2020-05-13,2020-05-01,2020,May,"20-May"
Prod041,Cus037,Mark007,2020-05-15,1,454,"INR",2020-05-15,2020-05-01,2020,May,"20-May"
Prod041,Cus037,Mark007,2020-05-19,1,903,"INR",2020-05-19,2020-05-01,2020,May,"20-May"
Prod041,Cus036,Mark007,2020-05-20,1,1213,"INR",2020-05-20,2020-05-01,2020,May,"20-May"
Prod041,Cus037,Mark007,2020-05-21,1,458,"INR",2020-05-21,2020-05-01,2020,May,"20-May"
Prod041,Cus017,Mark007,2020-05-26,17,11157,"INR",2020-05-26,2020-05-01,2020,May,"20-May"
Prod041,Cus036,Mark007,2020-05-27,1,403,"INR",2020-05-27,2020-05-01,2020,May,"20-May"
Prod041,Cus037,Mark007,2020-05-27,1,454,"INR",2020-05-27,2020-05-01,2020,May,"20-May"
Prod041,Cus037,Mark007,2020-06-03,1,454,"INR",2020-06-03,2020-06-01,2020,June,"20-Jun"
Prod041,Cus037,Mark007,2020-06-05,1,454,"INR",2020-06-05,2020-06-01,2020,June,"20-Jun"
Prod041,Cus037,Mark007,2020-06-09,1,454,"INR",2020-06-09,2020-06-01,2020,June,"20-Jun"
Prod041,Cus035,Mark007,2020-06-09,1,394,"INR",2020-06-09,2020-06-01,2020,June,"20-Jun"
Prod041,Cus037,Mark007,2020-06-12,1,903,"INR",2020-06-12,2020-06-01,2020,June,"20-Jun"
Prod041,Cus037,Mark007,2020-06-16,1,454,"INR",2020-06-16,2020-06-01,2020,June,"20-Jun"
Prod041,Cus035,Mark007,2020-06-16,1,787,"INR",2020-06-16,2020-06-01,2020,June,"20-Jun"
Prod041,Cus001,Mark010,2020-06-17,27,7370,"INR",2020-06-17,2020-06-01,2020,June,"20-Jun"
Prod041,Cus017,Mark007,2020-06-17,14,9190,"INR",2020-06-17,2020-06-01,2020,June,"20-Jun"
Prod042,Cus006,Mark004,2020-01-09,4,6421,"INR",2020-01-09,2020-01-01,2020,January,"20-Jan"
Prod042,Cus006,Mark004,2020-01-14,10,16056,"INR",2020-01-14,2020-01-01,2020,January,"20-Jan"
Prod042,Cus006,Mark004,2020-02-06,1,1069,"INR",2020-02-06,2020-02-01,2020,February,"20-Feb"
Prod042,Cus006,Mark004,2020-02-13,12,19264,"INR",2020-02-13,2020-02-01,2020,February,"20-Feb"
Prod042,Cus006,Mark004,2020-02-20,1,2139,"INR",2020-02-20,2020-02-01,2020,February,"20-Feb"
Prod042,Cus006,Mark004,2020-02-24,12,19264,"INR",2020-02-24,2020-02-01,2020,February,"20-Feb"
Prod042,Cus006,Mark004,2020-02-27,1,1069,"INR",2020-02-27,2020-02-01,2020,February,"20-Feb"
Prod042,Cus006,Mark004,2020-03-05,1,1069,"INR",2020-03-05,2020-03-01,2020,March,"20-Mar"
Prod042,Cus006,Mark004,2020-04-02,1,1606,"INR",2020-04-02,2020-04-01,2020,April,"20-Apr"
Prod042,Cus006,Mark004,2020-04-07,8,12843,"INR",2020-04-07,2020-04-01,2020,April,"20-Apr"
Prod042,Cus006,Mark004,2020-04-09,3,4282,"INR",2020-04-09,2020-04-01,2020,April,"20-Apr"
Prod042,Cus006,Mark004,2020-04-20,2,3213,"INR",2020-04-20,2020-04-01,2020,April,"20-Apr"
Prod042,Cus006,Mark004,2020-04-22,12,19264,"INR",2020-04-22,2020-04-01,2020,April,"20-Apr"
Prod042,Cus006,Mark004,2020-04-30,2,3213,"INR",2020-04-30,2020-04-01,2020,April,"20-Apr"
Prod042,Cus006,Mark004,2020-05-19,4,6421,"INR",2020-05-19,2020-05-01,2020,May,"20-May"
Prod042,Cus006,Mark004,2020-06-03,20,32106,"INR",2020-06-03,2020-06-01,2020,June,"20-Jun"
Prod042,Cus006,Mark004,2020-06-12,1,1069,"INR",2020-06-12,2020-06-01,2020,June,"20-Jun"
Prod044,Cus006,Mark004,2020-01-10,210,401347,"INR",2020-01-10,2020-01-01,2020,January,"20-Jan"
Prod044,Cus006,Mark004,2020-01-22,70,133782,"INR",2020-01-22,2020-01-01,2020,January,"20-Jan"
Prod044,Cus006,Mark004,2020-01-24,70,133782,"INR",2020-01-24,2020-01-01,2020,January,"20-Jan"
Prod044,Cus006,Mark004,2020-01-30,70,133782,"INR",2020-01-30,2020-01-01,2020,January,"20-Jan"
Prod044,Cus006,Mark004,2020-02-05,29,46324,"INR",2020-02-05,2020-02-01,2020,February,"20-Feb"
Prod044,Cus006,Mark004,2020-02-07,40,80310,"INR",2020-02-07,2020-02-01,2020,February,"20-Feb"
Prod044,Cus006,Mark004,2020-02-14,10,15972,"INR",2020-02-14,2020-02-01,2020,February,"20-Feb"
Prod044,Cus006,Mark004,2020-02-25,70,133782,"INR",2020-02-25,2020-02-01,2020,February,"20-Feb"
Prod044,Cus006,Mark004,2020-03-10,70,133782,"INR",2020-03-10,2020-03-01,2020,March,"20-Mar"
Prod044,Cus006,Mark004,2020-03-19,70,133782,"INR",2020-03-19,2020-03-01,2020,March,"20-Mar"
Prod045,Cus029,Mark002,2020-01-02,2,3759,"INR",2020-01-02,2020-01-01,2020,January,"20-Jan"
Prod045,Cus001,Mark010,2020-05-11,3,1185,"INR",2020-05-11,2020-05-01,2020,May,"20-May"
Prod045,Cus001,Mark010,2020-06-17,13,5370,"INR",2020-06-17,2020-06-01,2020,June,"20-Jun"
Prod046,Cus004,Mark002,2020-01-08,27,24218,"INR",2020-01-08,2020-01-01,2020,January,"20-Jan"
Prod046,Cus020,Mark004,2020-01-13,1,940,"INR",2020-01-13,2020-01-01,2020,January,"20-Jan"
Prod046,Cus024,Mark002,2020-01-14,1,338,"INR",2020-01-14,2020-01-01,2020,January,"20-Jan"
Prod046,Cus002,Mark002,2020-01-14,7,7153,"INR",2020-01-14,2020-01-01,2020,January,"20-Jan"
Prod046,Cus025,Mark002,2020-01-16,53,54282,"INR",2020-01-16,2020-01-01,2020,January,"20-Jan"
Prod046,Cus006,Mark004,2020-01-20,10,16958,"INR",2020-01-20,2020-01-01,2020,January,"20-Jan"
Prod046,Cus024,Mark002,2020-02-10,1,338,"INR",2020-02-10,2020-02-01,2020,February,"20-Feb"
Prod046,Cus024,Mark002,2020-02-17,1,1019,"INR",2020-02-17,2020-02-01,2020,February,"20-Feb"
Prod046,Cus024,Mark002,2020-02-18,1,338,"INR",2020-02-18,2020-02-01,2020,February,"20-Feb"
Prod046,Cus024,Mark002,2020-02-24,1,338,"INR",2020-02-24,2020-02-01,2020,February,"20-Feb"
Prod046,Cus029,Mark002,2020-02-26,15,16514,"INR",2020-02-26,2020-02-01,2020,February,"20-Feb"
Prod046,Cus029,Mark002,2020-03-02,107,120083,"INR",2020-03-02,2020-03-01,2020,March,"20-Mar"
Prod046,Cus005,Mark002,2020-05-06,3,2958,"INR",2020-05-06,2020-05-01,2020,May,"20-May"
Prod047,Cus037,Mark007,2020-01-02,1,1338,"INR",2020-01-02,2020-01-01,2020,January,"20-Jan"
Prod047,Cus035,Mark007,2020-01-02,1,787,"INR",2020-01-02,2020-01-01,2020,January,"20-Jan"
Prod047,Cus037,Mark007,2020-01-03,1,889,"INR",2020-01-03,2020-01-01,2020,January,"20-Jan"
Prod047,Cus002,Mark007,2020-01-03,2,2731,"INR",2020-01-03,2020-01-01,2020,January,"20-Jan"
Prod047,Cus006,Mark007,2020-01-03,3,2889,"INR",2020-01-03,2020-01-01,2020,January,"20-Jan"
Prod047,Cus022,Mark002,2020-01-07,27,35574,"INR",2020-01-07,2020-01-01,2020,January,"20-Jan"
Prod047,Cus002,Mark007,2020-01-08,1,454,"INR",2020-01-08,2020-01-01,2020,January,"20-Jan"
Prod047,Cus035,Mark007,2020-01-08,1,394,"INR",2020-01-08,2020-01-01,2020,January,"20-Jan"
Prod047,Cus002,Mark007,2020-01-09,1,454,"INR",2020-01-09,2020-01-01,2020,January,"20-Jan"
Prod047,Cus006,Mark007,2020-01-09,4,3176,"INR",2020-01-09,2020-01-01,2020,January,"20-Jan"
Prod047,Cus035,Mark007,2020-01-09,1,1579,"INR",2020-01-09,2020-01-01,2020,January,"20-Jan"
Prod047,Cus002,Mark007,2020-01-10,4,5005,"INR",2020-01-10,2020-01-01,2020,January,"20-Jan"
Prod047,Cus016,Mark002,2020-01-10,3,3588,"INR",2020-01-10,2020-01-01,2020,January,"20-Jan"
Prod047,Cus037,Mark007,2020-01-14,2,2231,"INR",2020-01-14,2020-01-01,2020,January,"20-Jan"
Prod047,Cus002,Mark007,2020-01-14,1,1819,"INR",2020-01-14,2020-01-01,2020,January,"20-Jan"
Prod047,Cus007,Mark007,2020-01-14,3,3407,"INR",2020-01-14,2020-01-01,2020,January,"20-Jan"
Prod047,Cus035,Mark007,2020-01-14,1,1181,"INR",2020-01-14,2020-01-01,2020,January,"20-Jan"
Prod047,Cus036,Mark007,2020-01-15,1,403,"INR",2020-01-15,2020-01-01,2020,January,"20-Jan"
Prod047,Cus037,Mark007,2020-01-15,1,894,"INR",2020-01-15,2020-01-01,2020,January,"20-Jan"
Prod047,Cus006,Mark007,2020-01-15,4,3755,"INR",2020-01-15,2020-01-01,2020,January,"20-Jan"
Prod047,Cus035,Mark007,2020-01-15,1,1579,"INR",2020-01-15,2020-01-01,2020,January,"20-Jan"
Prod047,Cus002,Mark007,2020-01-16,1,1366,"INR",2020-01-16,2020-01-01,2020,January,"20-Jan"
Prod047,Cus011,Mark007,2020-01-16,23,28102,"INR",2020-01-16,2020-01-01,2020,January,"20-Jan"
Prod047,Cus037,Mark007,2020-01-17,1,444,"INR",2020-01-17,2020-01-01,2020,January,"20-Jan"
Prod047,Cus002,Mark007,2020-01-17,1,1819,"INR",2020-01-17,2020-01-01,2020,January,"20-Jan"
Prod047,Cus007,Mark007,2020-01-17,1,426,"INR",2020-01-17,2020-01-01,2020,January,"20-Jan"
Prod047,Cus002,Mark007,2020-01-20,1,1366,"INR",2020-01-20,2020-01-01,2020,January,"20-Jan"
Prod047,Cus003,Mark002,2020-01-20,60,67269,"INR",2020-01-20,2020-01-01,2020,January,"20-Jan"
Prod047,Cus037,Mark007,2020-01-21,2,2236,"INR",2020-01-21,2020-01-01,2020,January,"20-Jan"
Prod047,Cus002,Mark007,2020-01-21,1,1361,"INR",2020-01-21,2020-01-01,2020,January,"20-Jan"
Prod047,Cus036,Mark007,2020-01-22,1,403,"INR",2020-01-22,2020-01-01,2020,January,"20-Jan"
Prod047,Cus017,Mark007,2020-01-22,107,70014,"INR",2020-01-22,2020-01-01,2020,January,"20-Jan"
Prod047,Cus006,Mark007,2020-01-22,5,3981,"INR",2020-01-22,2020-01-01,2020,January,"20-Jan"
Prod047,Cus035,Mark007,2020-01-22,3,3153,"INR",2020-01-22,2020-01-01,2020,January,"20-Jan"
Prod047,Cus002,Mark007,2020-01-23,1,454,"INR",2020-01-23,2020-01-01,2020,January,"20-Jan"
Prod047,Cus035,Mark007,2020-01-23,2,1972,"INR",2020-01-23,2020-01-01,2020,January,"20-Jan"
Prod047,Cus037,Mark007,2020-01-24,1,894,"INR",2020-01-24,2020-01-01,2020,January,"20-Jan"
Prod047,Cus002,Mark007,2020-01-24,1,1815,"INR",2020-01-24,2020-01-01,2020,January,"20-Jan"
Prod047,Cus022,Mark002,2020-01-24,13,17787,"INR",2020-01-24,2020-01-01,2020,January,"20-Jan"
Prod047,Cus023,Mark002,2020-01-24,1,852,"INR",2020-01-24,2020-01-01,2020,January,"20-Jan"
Prod047,Cus002,Mark007,2020-01-27,1,1366,"INR",2020-01-27,2020-01-01,2020,January,"20-Jan"
Prod047,Cus037,Mark007,2020-01-28,1,894,"INR",2020-01-28,2020-01-01,2020,January,"20-Jan"
Prod047,Cus002,Mark007,2020-01-28,2,2278,"INR",2020-01-28,2020-01-01,2020,January,"20-Jan"
Prod047,Cus007,Mark007,2020-01-28,2,2130,"INR",2020-01-28,2020-01-01,2020,January,"20-Jan"
Prod047,Cus035,Mark007,2020-01-28,4,4338,"INR",2020-01-28,2020-01-01,2020,January,"20-Jan"
Prod047,Cus022,Mark002,2020-01-28,13,17787,"INR",2020-01-28,2020-01-01,2020,January,"20-Jan"
Prod047,Cus036,Mark007,2020-01-29,1,1213,"INR",2020-01-29,2020-01-01,2020,January,"20-Jan"
Prod047,Cus037,Mark007,2020-01-29,1,898,"INR",2020-01-29,2020-01-01,2020,January,"20-Jan"
Prod047,Cus035,Mark007,2020-01-29,1,1181,"INR",2020-01-29,2020-01-01,2020,January,"20-Jan"
Prod047,Cus002,Mark007,2020-01-30,2,2278,"INR",2020-01-30,2020-01-01,2020,January,"20-Jan"
Prod047,Cus002,Mark007,2020-01-31,2,2273,"INR",2020-01-31,2020-01-01,2020,January,"20-Jan"
Prod047,Cus007,Mark007,2020-01-31,14,17889,"INR",2020-01-31,2020-01-01,2020,January,"20-Jan"
Prod047,Cus002,Mark007,2020-02-03,1,912,"INR",2020-02-03,2020-02-01,2020,February,"20-Feb"
Prod047,Cus006,Mark007,2020-02-03,4,3412,"INR",2020-02-03,2020-02-01,2020,February,"20-Feb"
Prod047,Cus005,Mark002,2020-02-03,3,588,"INR",2020-02-03,2020-02-01,2020,February,"20-Feb"
Prod047,Cus037,Mark007,2020-02-04,1,444,"INR",2020-02-04,2020-02-01,2020,February,"20-Feb"
Prod047,Cus002,Mark007,2020-02-04,2,2273,"INR",2020-02-04,2020-02-01,2020,February,"20-Feb"
Prod047,Cus006,Mark007,2020-02-04,1,852,"INR",2020-02-04,2020-02-01,2020,February,"20-Feb"
Prod047,Cus007,Mark007,2020-02-04,2,2981,"INR",2020-02-04,2020-02-01,2020,February,"20-Feb"
Prod047,Cus035,Mark007,2020-02-04,2,2366,"INR",2020-02-04,2020-02-01,2020,February,"20-Feb"
Prod047,Cus022,Mark002,2020-02-04,13,17787,"INR",2020-02-04,2020-02-01,2020,February,"20-Feb"
Prod047,Cus036,Mark007,2020-02-05,1,810,"INR",2020-02-05,2020-02-01,2020,February,"20-Feb"
Prod047,Cus035,Mark007,2020-02-05,1,1181,"INR",2020-02-05,2020-02-01,2020,February,"20-Feb"
Prod047,Cus003,Mark002,2020-02-05,200,224222,"INR",2020-02-05,2020-02-01,2020,February,"20-Feb"
Prod047,Cus009,Mark002,2020-02-05,1,958,"INR",2020-02-05,2020-02-01,2020,February,"20-Feb"
Prod047,Cus022,Mark002,2020-02-05,13,17787,"INR",2020-02-05,2020-02-01,2020,February,"20-Feb"
Prod047,Cus023,Mark002,2020-02-05,1,852,"INR",2020-02-05,2020-02-01,2020,February,"20-Feb"
Prod047,Cus002,Mark007,2020-02-06,1,1819,"INR",2020-02-06,2020-02-01,2020,February,"20-Feb"
Prod047,Cus037,Mark007,2020-02-07,1,444,"INR",2020-02-07,2020-02-01,2020,February,"20-Feb"
Prod047,Cus002,Mark007,2020-02-07,2,2731,"INR",2020-02-07,2020-02-01,2020,February,"20-Feb"
Prod047,Cus006,Mark007,2020-02-07,3,2847,"INR",2020-02-07,2020-02-01,2020,February,"20-Feb"
Prod047,Cus002,Mark007,2020-02-10,1,454,"INR",2020-02-10,2020-02-01,2020,February,"20-Feb"
Prod047,Cus037,Mark007,2020-02-11,1,444,"INR",2020-02-11,2020-02-01,2020,February,"20-Feb"
Prod047,Cus002,Mark007,2020-02-11,3,4097,"INR",2020-02-11,2020-02-01,2020,February,"20-Feb"
Prod047,Cus035,Mark007,2020-02-11,3,3546,"INR",2020-02-11,2020-02-01,2020,February,"20-Feb"
Prod047,Cus003,Mark002,2020-02-11,330,369968,"INR",2020-02-11,2020-02-01,2020,February,"20-Feb"
Prod047,Cus036,Mark007,2020-02-12,1,403,"INR",2020-02-12,2020-02-01,2020,February,"20-Feb"
Prod047,Cus006,Mark007,2020-02-12,2,1991,"INR",2020-02-12,2020-02-01,2020,February,"20-Feb"
Prod047,Cus035,Mark007,2020-02-12,1,787,"INR",2020-02-12,2020-02-01,2020,February,"20-Feb"
Prod047,Cus003,Mark002,2020-02-12,290,325125,"INR",2020-02-12,2020-02-01,2020,February,"20-Feb"
Prod047,Cus004,Mark002,2020-02-12,27,24218,"INR",2020-02-12,2020-02-01,2020,February,"20-Feb"
Prod047,Cus002,Mark007,2020-02-13,1,1366,"INR",2020-02-13,2020-02-01,2020,February,"20-Feb"
Prod047,Cus037,Mark007,2020-02-14,1,894,"INR",2020-02-14,2020-02-01,2020,February,"20-Feb"
Prod047,Cus002,Mark007,2020-02-14,1,912,"INR",2020-02-14,2020-02-01,2020,February,"20-Feb"
Prod047,Cus007,Mark007,2020-02-14,3,4259,"INR",2020-02-14,2020-02-01,2020,February,"20-Feb"
Prod047,Cus002,Mark007,2020-02-17,1,912,"INR",2020-02-17,2020-02-01,2020,February,"20-Feb"
Prod047,Cus004,Mark002,2020-02-17,27,24218,"INR",2020-02-17,2020-02-01,2020,February,"20-Feb"
Prod047,Cus037,Mark007,2020-02-18,1,444,"INR",2020-02-18,2020-02-01,2020,February,"20-Feb"
Prod047,Cus002,Mark007,2020-02-18,2,2727,"INR",2020-02-18,2020-02-01,2020,February,"20-Feb"
Prod047,Cus035,Mark007,2020-02-18,3,3940,"INR",2020-02-18,2020-02-01,2020,February,"20-Feb"
Prod047,Cus036,Mark007,2020-02-19,1,403,"INR",2020-02-19,2020-02-01,2020,February,"20-Feb"
Prod047,Cus006,Mark007,2020-02-19,5,3981,"INR",2020-02-19,2020-02-01,2020,February,"20-Feb"
Prod047,Cus035,Mark007,2020-02-19,1,1579,"INR",2020-02-19,2020-02-01,2020,February,"20-Feb"
Prod047,Cus002,Mark007,2020-02-20,1,454,"INR",2020-02-20,2020-02-01,2020,February,"20-Feb"
Prod047,Cus006,Mark007,2020-02-20,1,1139,"INR",2020-02-20,2020-02-01,2020,February,"20-Feb"
Prod047,Cus003,Mark002,2020-02-20,190,213009,"INR",2020-02-20,2020-02-01,2020,February,"20-Feb"
Prod047,Cus017,Mark007,2020-02-21,62,40477,"INR",2020-02-21,2020-02-01,2020,February,"20-Feb"
Prod047,Cus037,Mark007,2020-02-21,1,894,"INR",2020-02-21,2020-02-01,2020,February,"20-Feb"
Prod047,Cus002,Mark007,2020-02-21,2,2278,"INR",2020-02-21,2020-02-01,2020,February,"20-Feb"
Prod047,Cus003,Mark002,2020-02-21,330,369968,"INR",2020-02-21,2020-02-01,2020,February,"20-Feb"
Prod047,Cus002,Mark007,2020-02-24,1,912,"INR",2020-02-24,2020-02-01,2020,February,"20-Feb"
Prod047,Cus037,Mark007,2020-02-25,1,894,"INR",2020-02-25,2020-02-01,2020,February,"20-Feb"
Prod047,Cus002,Mark007,2020-02-25,2,2278,"INR",2020-02-25,2020-02-01,2020,February,"20-Feb"
Prod047,Cus035,Mark007,2020-02-25,2,2759,"INR",2020-02-25,2020-02-01,2020,February,"20-Feb"
Prod047,Cus003,Mark002,2020-02-25,60,67269,"INR",2020-02-25,2020-02-01,2020,February,"20-Feb"
Prod047,Cus036,Mark007,2020-02-26,1,810,"INR",2020-02-26,2020-02-01,2020,February,"20-Feb"
Prod047,Cus006,Mark007,2020-02-26,3,2560,"INR",2020-02-26,2020-02-01,2020,February,"20-Feb"
Prod047,Cus007,Mark007,2020-02-26,1,852,"INR",2020-02-26,2020-02-01,2020,February,"20-Feb"
Prod047,Cus035,Mark007,2020-02-26,1,1579,"INR",2020-02-26,2020-02-01,2020,February,"20-Feb"
Prod047,Cus029,Mark002,2020-02-26,252,283704,"INR",2020-02-26,2020-02-01,2020,February,"20-Feb"
Prod047,Cus003,Mark002,2020-02-26,120,134532,"INR",2020-02-26,2020-02-01,2020,February,"20-Feb"
Prod047,Cus002,Mark007,2020-02-27,1,912,"INR",2020-02-27,2020-02-01,2020,February,"20-Feb"
Prod047,Cus037,Mark007,2020-02-28,1,894,"INR",2020-02-28,2020-02-01,2020,February,"20-Feb"
Prod047,Cus002,Mark007,2020-02-28,1,1366,"INR",2020-02-28,2020-02-01,2020,February,"20-Feb"
Prod047,Cus002,Mark007,2020-03-02,1,1819,"INR",2020-03-02,2020-03-01,2020,March,"20-Mar"
Prod047,Cus037,Mark007,2020-03-03,1,898,"INR",2020-03-03,2020-03-01,2020,March,"20-Mar"
Prod047,Cus035,Mark007,2020-03-03,1,787,"INR",2020-03-03,2020-03-01,2020,March,"20-Mar"
Prod047,Cus024,Mark002,2020-03-03,1,338,"INR",2020-03-03,2020-03-01,2020,March,"20-Mar"
Prod047,Cus006,Mark007,2020-03-04,4,3130,"INR",2020-03-04,2020-03-01,2020,March,"20-Mar"
Prod047,Cus035,Mark007,2020-03-04,1,394,"INR",2020-03-04,2020-03-01,2020,March,"20-Mar"
Prod047,Cus029,Mark002,2020-03-04,107,120088,"INR",2020-03-04,2020-03-01,2020,March,"20-Mar"
Prod047,Cus002,Mark002,2020-03-04,7,6838,"INR",2020-03-04,2020-03-01,2020,March,"20-Mar"
Prod047,Cus002,Mark007,2020-03-05,2,2278,"INR",2020-03-05,2020-03-01,2020,March,"20-Mar"
Prod047,Cus002,Mark007,2020-03-06,2,2273,"INR",2020-03-06,2020-03-01,2020,March,"20-Mar"
Prod047,Cus022,Mark002,2020-03-06,13,17787,"INR",2020-03-06,2020-03-01,2020,March,"20-Mar"
Prod047,Cus002,Mark007,2020-03-09,1,912,"INR",2020-03-09,2020-03-01,2020,March,"20-Mar"
Prod047,Cus037,Mark007,2020-03-10,1,444,"INR",2020-03-10,2020-03-01,2020,March,"20-Mar"
Prod047,Cus002,Mark007,2020-03-10,3,4556,"INR",2020-03-10,2020-03-01,2020,March,"20-Mar"
Prod047,Cus035,Mark007,2020-03-10,2,2366,"INR",2020-03-10,2020-03-01,2020,March,"20-Mar"
Prod047,Cus036,Mark007,2020-03-11,1,403,"INR",2020-03-11,2020-03-01,2020,March,"20-Mar"
Prod047,Cus037,Mark007,2020-03-11,1,444,"INR",2020-03-11,2020-03-01,2020,March,"20-Mar"
Prod047,Cus006,Mark007,2020-03-11,6,5120,"INR",2020-03-11,2020-03-01,2020,March,"20-Mar"
Prod047,Cus002,Mark007,2020-03-12,1,1366,"INR",2020-03-12,2020-03-01,2020,March,"20-Mar"
Prod047,Cus002,Mark007,2020-03-13,3,4097,"INR",2020-03-13,2020-03-01,2020,March,"20-Mar"
Prod047,Cus022,Mark002,2020-03-13,13,17787,"INR",2020-03-13,2020-03-01,2020,March,"20-Mar"
Prod047,Cus002,Mark007,2020-03-16,1,912,"INR",2020-03-16,2020-03-01,2020,March,"20-Mar"
Prod047,Cus037,Mark007,2020-03-17,1,1338,"INR",2020-03-17,2020-03-01,2020,March,"20-Mar"
Prod047,Cus002,Mark007,2020-03-17,3,3644,"INR",2020-03-17,2020-03-01,2020,March,"20-Mar"
Prod047,Cus035,Mark007,2020-03-17,1,394,"INR",2020-03-17,2020-03-01,2020,March,"20-Mar"
Prod047,Cus036,Mark007,2020-03-18,1,810,"INR",2020-03-18,2020-03-01,2020,March,"20-Mar"
Prod047,Cus006,Mark007,2020-03-18,8,7111,"INR",2020-03-18,2020-03-01,2020,March,"20-Mar"
Prod047,Cus035,Mark007,2020-03-18,3,3153,"INR",2020-03-18,2020-03-01,2020,March,"20-Mar"
Prod047,Cus022,Mark002,2020-03-19,13,17787,"INR",2020-03-19,2020-03-01,2020,March,"20-Mar"
Prod047,Cus017,Mark007,2020-03-20,28,18380,"INR",2020-03-20,2020-03-01,2020,March,"20-Mar"
Prod047,Cus037,Mark007,2020-03-20,1,894,"INR",2020-03-20,2020-03-01,2020,March,"20-Mar"
Prod047,Cus035,Mark007,2020-03-20,4,5125,"INR",2020-03-20,2020-03-01,2020,March,"20-Mar"
Prod047,Cus022,Mark002,2020-03-20,13,17787,"INR",2020-03-20,2020-03-01,2020,March,"20-Mar"
Prod047,Cus035,Mark007,2020-03-23,1,787,"INR",2020-03-23,2020-03-01,2020,March,"20-Mar"
Prod047,Cus007,Mark007,2020-03-24,1,685,"INR",2020-03-24,2020-03-01,2020,March,"20-Mar"
Prod047,Cus024,Mark002,2020-03-24,1,338,"INR",2020-03-24,2020-03-01,2020,March,"20-Mar"
Prod047,Cus035,Mark007,2020-03-25,2,1972,"INR",2020-03-25,2020-03-01,2020,March,"20-Mar"
Prod047,Cus035,Mark007,2020-03-26,1,394,"INR",2020-03-26,2020-03-01,2020,March,"20-Mar"
Prod047,Cus037,Mark007,2020-03-27,1,894,"INR",2020-03-27,2020-03-01,2020,March,"20-Mar"
Prod047,Cus002,Mark007,2020-03-27,9,12287,"INR",2020-03-27,2020-03-01,2020,March,"20-Mar"
Prod047,Cus007,Mark007,2020-03-27,3,3079,"INR",2020-03-27,2020-03-01,2020,March,"20-Mar"
Prod047,Cus035,Mark007,2020-03-27,1,394,"INR",2020-03-27,2020-03-01,2020,March,"20-Mar"
Prod047,Cus002,Mark007,2020-03-30,3,4551,"INR",2020-03-30,2020-03-01,2020,March,"20-Mar"
Prod047,Cus035,Mark007,2020-03-30,1,1181,"INR",2020-03-30,2020-03-01,2020,March,"20-Mar"
Prod047,Cus002,Mark007,2020-03-31,2,2273,"INR",2020-03-31,2020-03-01,2020,March,"20-Mar"
Prod047,Cus035,Mark007,2020-03-31,1,1181,"INR",2020-03-31,2020-03-01,2020,March,"20-Mar"
Prod047,Cus024,Mark002,2020-03-31,1,338,"INR",2020-03-31,2020-03-01,2020,March,"20-Mar"
Prod047,Cus037,Mark007,2020-04-01,1,444,"INR",2020-04-01,2020-04-01,2020,April,"20-Apr"
Prod047,Cus035,Mark007,2020-04-01,1,787,"INR",2020-04-01,2020-04-01,2020,April,"20-Apr"
Prod047,Cus002,Mark007,2020-04-02,1,454,"INR",2020-04-02,2020-04-01,2020,April,"20-Apr"
Prod047,Cus035,Mark007,2020-04-02,1,394,"INR",2020-04-02,2020-04-01,2020,April,"20-Apr"
Prod047,Cus037,Mark007,2020-04-03,1,444,"INR",2020-04-03,2020-04-01,2020,April,"20-Apr"
Prod047,Cus002,Mark007,2020-04-03,1,1366,"INR",2020-04-03,2020-04-01,2020,April,"20-Apr"
Prod047,Cus035,Mark007,2020-04-03,1,394,"INR",2020-04-03,2020-04-01,2020,April,"20-Apr"
Prod047,Cus035,Mark007,2020-04-06,1,1574,"INR",2020-04-06,2020-04-01,2020,April,"20-Apr"
Prod047,Cus037,Mark007,2020-04-07,1,894,"INR",2020-04-07,2020-04-01,2020,April,"20-Apr"
Prod047,Cus002,Mark007,2020-04-07,1,907,"INR",2020-04-07,2020-04-01,2020,April,"20-Apr"
Prod047,Cus035,Mark007,2020-04-07,1,1181,"INR",2020-04-07,2020-04-01,2020,April,"20-Apr"
Prod047,Cus016,Mark002,2020-04-07,7,9421,"INR",2020-04-07,2020-04-01,2020,April,"20-Apr"
Prod047,Cus002,Mark007,2020-04-08,1,454,"INR",2020-04-08,2020-04-01,2020,April,"20-Apr"
Prod047,Cus006,Mark007,2020-04-08,3,2560,"INR",2020-04-08,2020-04-01,2020,April,"20-Apr"
Prod047,Cus037,Mark007,2020-04-13,1,454,"INR",2020-04-13,2020-04-01,2020,April,"20-Apr"
Prod047,Cus002,Mark007,2020-04-13,2,2273,"INR",2020-04-13,2020-04-01,2020,April,"20-Apr"
Prod047,Cus035,Mark007,2020-04-13,1,394,"INR",2020-04-13,2020-04-01,2020,April,"20-Apr"
Prod047,Cus037,Mark007,2020-04-14,1,894,"INR",2020-04-14,2020-04-01,2020,April,"20-Apr"
Prod047,Cus002,Mark007,2020-04-14,2,2278,"INR",2020-04-14,2020-04-01,2020,April,"20-Apr"
Prod047,Cus006,Mark007,2020-04-14,7,5690,"INR",2020-04-14,2020-04-01,2020,April,"20-Apr"
Prod047,Cus035,Mark007,2020-04-14,1,787,"INR",2020-04-14,2020-04-01,2020,April,"20-Apr"
Prod047,Cus004,Mark002,2020-04-14,27,24218,"INR",2020-04-14,2020-04-01,2020,April,"20-Apr"
Prod047,Cus037,Mark007,2020-04-15,1,444,"INR",2020-04-15,2020-04-01,2020,April,"20-Apr"
Prod047,Cus002,Mark007,2020-04-15,1,454,"INR",2020-04-15,2020-04-01,2020,April,"20-Apr"
Prod047,Cus007,Mark007,2020-04-15,3,3079,"INR",2020-04-15,2020-04-01,2020,April,"20-Apr"
Prod047,Cus035,Mark007,2020-04-15,1,1181,"INR",2020-04-15,2020-04-01,2020,April,"20-Apr"
Prod047,Cus008,Mark002,2020-04-15,93,113259,"INR",2020-04-15,2020-04-01,2020,April,"20-Apr"
Prod047,Cus004,Mark002,2020-04-15,27,24218,"INR",2020-04-15,2020-04-01,2020,April,"20-Apr"
Prod047,Cus012,Mark007,2020-04-16,1,324,"INR",2020-04-16,2020-04-01,2020,April,"20-Apr"
Prod047,Cus037,Mark007,2020-04-17,1,444,"INR",2020-04-17,2020-04-01,2020,April,"20-Apr"
Prod047,Cus002,Mark007,2020-04-17,2,3185,"INR",2020-04-17,2020-04-01,2020,April,"20-Apr"
Prod047,Cus006,Mark007,2020-04-17,2,1708,"INR",2020-04-17,2020-04-01,2020,April,"20-Apr"
Prod047,Cus035,Mark007,2020-04-17,1,1574,"INR",2020-04-17,2020-04-01,2020,April,"20-Apr"
Prod047,Cus022,Mark002,2020-04-20,13,17787,"INR",2020-04-20,2020-04-01,2020,April,"20-Apr"
Prod047,Cus037,Mark007,2020-04-21,1,1782,"INR",2020-04-21,2020-04-01,2020,April,"20-Apr"
Prod047,Cus002,Mark007,2020-04-21,1,907,"INR",2020-04-21,2020-04-01,2020,April,"20-Apr"
Prod047,Cus035,Mark007,2020-04-21,1,394,"INR",2020-04-21,2020-04-01,2020,April,"20-Apr"
Prod047,Cus006,Mark007,2020-04-22,7,5690,"INR",2020-04-22,2020-04-01,2020,April,"20-Apr"
Prod047,Cus035,Mark007,2020-04-22,1,787,"INR",2020-04-22,2020-04-01,2020,April,"20-Apr"
Prod047,Cus003,Mark002,2020-04-22,20,22421,"INR",2020-04-22,2020-04-01,2020,April,"20-Apr"
Prod047,Cus002,Mark007,2020-04-23,1,1366,"INR",2020-04-23,2020-04-01,2020,April,"20-Apr"
Prod047,Cus006,Mark007,2020-04-23,1,282,"INR",2020-04-23,2020-04-01,2020,April,"20-Apr"
Prod047,Cus037,Mark007,2020-04-24,1,444,"INR",2020-04-24,2020-04-01,2020,April,"20-Apr"
Prod047,Cus002,Mark007,2020-04-24,11,15782,"INR",2020-04-24,2020-04-01,2020,April,"20-Apr"
Prod047,Cus035,Mark007,2020-04-24,1,394,"INR",2020-04-24,2020-04-01,2020,April,"20-Apr"
Prod047,Cus025,Mark002,2020-04-24,53,54282,"INR",2020-04-24,2020-04-01,2020,April,"20-Apr"
Prod047,Cus002,Mark007,2020-04-27,2,2787,"INR",2020-04-27,2020-04-01,2020,April,"20-Apr"
Prod047,Cus035,Mark007,2020-04-27,1,394,"INR",2020-04-27,2020-04-01,2020,April,"20-Apr"
Prod047,Cus024,Mark002,2020-04-27,1,338,"INR",2020-04-27,2020-04-01,2020,April,"20-Apr"
Prod047,Cus037,Mark007,2020-04-28,1,894,"INR",2020-04-28,2020-04-01,2020,April,"20-Apr"
Prod047,Cus002,Mark007,2020-04-28,4,6032,"INR",2020-04-28,2020-04-01,2020,April,"20-Apr"
Prod047,Cus035,Mark007,2020-04-28,1,394,"INR",2020-04-28,2020-04-01,2020,April,"20-Apr"
Prod047,Cus024,Mark002,2020-04-28,1,676,"INR",2020-04-28,2020-04-01,2020,April,"20-Apr"
Prod047,Cus022,Mark002,2020-04-28,13,17787,"INR",2020-04-28,2020-04-01,2020,April,"20-Apr"
Prod047,Cus002,Mark002,2020-04-28,13,13676,"INR",2020-04-28,2020-04-01,2020,April,"20-Apr"
Prod047,Cus006,Mark007,2020-04-29,2,1991,"INR",2020-04-29,2020-04-01,2020,April,"20-Apr"
Prod047,Cus035,Mark007,2020-04-29,1,394,"INR",2020-04-29,2020-04-01,2020,April,"20-Apr"
Prod047,Cus013,Mark002,2020-04-29,3,2343,"INR",2020-04-29,2020-04-01,2020,April,"20-Apr"
Prod047,Cus002,Mark007,2020-04-30,1,1394,"INR",2020-04-30,2020-04-01,2020,April,"20-Apr"
Prod047,Cus006,Mark007,2020-04-30,1,569,"INR",2020-04-30,2020-04-01,2020,April,"20-Apr"
Prod047,Cus035,Mark007,2020-04-30,1,394,"INR",2020-04-30,2020-04-01,2020,April,"20-Apr"
Prod047,Cus022,Mark002,2020-05-04,13,17787,"INR",2020-05-04,2020-05-01,2020,May,"20-May"
Prod047,Cus037,Mark007,2020-05-05,1,889,"INR",2020-05-05,2020-05-01,2020,May,"20-May"
Prod047,Cus002,Mark007,2020-05-05,1,926,"INR",2020-05-05,2020-05-01,2020,May,"20-May"
Prod047,Cus035,Mark007,2020-05-05,1,394,"INR",2020-05-05,2020-05-01,2020,May,"20-May"
Prod047,Cus024,Mark002,2020-05-05,1,338,"INR",2020-05-05,2020-05-01,2020,May,"20-May"
Prod047,Cus036,Mark007,2020-05-06,2,2426,"INR",2020-05-06,2020-05-01,2020,May,"20-May"
Prod047,Cus035,Mark007,2020-05-06,1,1181,"INR",2020-05-06,2020-05-01,2020,May,"20-May"
Prod047,Cus006,Mark007,2020-05-07,10,8250,"INR",2020-05-07,2020-05-01,2020,May,"20-May"
Prod047,Cus037,Mark007,2020-05-08,1,444,"INR",2020-05-08,2020-05-01,2020,May,"20-May"
Prod047,Cus002,Mark007,2020-05-08,1,463,"INR",2020-05-08,2020-05-01,2020,May,"20-May"
Prod047,Cus035,Mark007,2020-05-08,1,394,"INR",2020-05-08,2020-05-01,2020,May,"20-May"
Prod047,Cus016,Mark002,2020-05-08,4,5384,"INR",2020-05-08,2020-05-01,2020,May,"20-May"
Prod047,Cus035,Mark007,2020-05-11,1,394,"INR",2020-05-11,2020-05-01,2020,May,"20-May"
Prod047,Cus012,Mark007,2020-05-11,5,5218,"INR",2020-05-11,2020-05-01,2020,May,"20-May"
Prod047,Cus037,Mark007,2020-05-12,1,454,"INR",2020-05-12,2020-05-01,2020,May,"20-May"
Prod047,Cus002,Mark007,2020-05-12,1,1394,"INR",2020-05-12,2020-05-01,2020,May,"20-May"
Prod047,Cus022,Mark002,2020-05-12,13,17787,"INR",2020-05-12,2020-05-01,2020,May,"20-May"
Prod047,Cus006,Mark007,2020-05-13,1,569,"INR",2020-05-13,2020-05-01,2020,May,"20-May"
Prod047,Cus007,Mark007,2020-05-13,2,2051,"INR",2020-05-13,2020-05-01,2020,May,"20-May"
Prod047,Cus035,Mark007,2020-05-13,1,787,"INR",2020-05-13,2020-05-01,2020,May,"20-May"
Prod047,Cus002,Mark007,2020-05-14,1,1856,"INR",2020-05-14,2020-05-01,2020,May,"20-May"
Prod047,Cus035,Mark007,2020-05-14,1,394,"INR",2020-05-14,2020-05-01,2020,May,"20-May"
Prod047,Cus016,Mark002,2020-05-14,2,2245,"INR",2020-05-14,2020-05-01,2020,May,"20-May"
Prod047,Cus002,Mark007,2020-05-15,1,926,"INR",2020-05-15,2020-05-01,2020,May,"20-May"
Prod047,Cus035,Mark007,2020-05-15,1,394,"INR",2020-05-15,2020-05-01,2020,May,"20-May"
Prod047,Cus035,Mark007,2020-05-18,1,1181,"INR",2020-05-18,2020-05-01,2020,May,"20-May"
Prod047,Cus024,Mark002,2020-05-18,1,338,"INR",2020-05-18,2020-05-01,2020,May,"20-May"
Prod047,Cus037,Mark007,2020-05-19,1,454,"INR",2020-05-19,2020-05-01,2020,May,"20-May"
Prod047,Cus002,Mark007,2020-05-19,1,1394,"INR",2020-05-19,2020-05-01,2020,May,"20-May"
Prod047,Cus036,Mark007,2020-05-20,1,810,"INR",2020-05-20,2020-05-01,2020,May,"20-May"
Prod047,Cus006,Mark007,2020-05-20,5,4269,"INR",2020-05-20,2020-05-01,2020,May,"20-May"
Prod047,Cus002,Mark007,2020-05-21,1,931,"INR",2020-05-21,2020-05-01,2020,May,"20-May"
Prod047,Cus035,Mark007,2020-05-21,1,394,"INR",2020-05-21,2020-05-01,2020,May,"20-May"
Prod047,Cus016,Mark002,2020-05-21,1,449,"INR",2020-05-21,2020-05-01,2020,May,"20-May"
Prod047,Cus022,Mark002,2020-05-21,13,17787,"INR",2020-05-21,2020-05-01,2020,May,"20-May"
Prod047,Cus037,Mark007,2020-05-22,1,454,"INR",2020-05-22,2020-05-01,2020,May,"20-May"
Prod047,Cus002,Mark007,2020-05-22,2,3255,"INR",2020-05-22,2020-05-01,2020,May,"20-May"
Prod047,Cus035,Mark007,2020-05-22,1,1181,"INR",2020-05-22,2020-05-01,2020,May,"20-May"
Prod047,Cus017,Mark007,2020-05-26,53,35009,"INR",2020-05-26,2020-05-01,2020,May,"20-May"
Prod047,Cus002,Mark007,2020-05-26,1,1389,"INR",2020-05-26,2020-05-01,2020,May,"20-May"
Prod047,Cus024,Mark002,2020-05-26,1,338,"INR",2020-05-26,2020-05-01,2020,May,"20-May"
Prod047,Cus035,Mark007,2020-05-27,1,394,"INR",2020-05-27,2020-05-01,2020,May,"20-May"
Prod047,Cus003,Mark002,2020-05-27,220,246648,"INR",2020-05-27,2020-05-01,2020,May,"20-May"
Prod047,Cus004,Mark002,2020-05-27,27,24218,"INR",2020-05-27,2020-05-01,2020,May,"20-May"
Prod047,Cus037,Mark007,2020-05-28,1,1356,"INR",2020-05-28,2020-05-01,2020,May,"20-May"
Prod047,Cus002,Mark007,2020-05-28,1,463,"INR",2020-05-28,2020-05-01,2020,May,"20-May"
Prod047,Cus006,Mark007,2020-05-28,2,1991,"INR",2020-05-28,2020-05-01,2020,May,"20-May"
Prod047,Cus007,Mark007,2020-05-28,2,2051,"INR",2020-05-28,2020-05-01,2020,May,"20-May"
Prod047,Cus035,Mark007,2020-05-28,1,787,"INR",2020-05-28,2020-05-01,2020,May,"20-May"
Prod047,Cus013,Mark002,2020-05-28,4,2579,"INR",2020-05-28,2020-05-01,2020,May,"20-May"
Prod047,Cus037,Mark007,2020-05-29,1,903,"INR",2020-05-29,2020-05-01,2020,May,"20-May"
Prod047,Cus002,Mark007,2020-05-29,2,2787,"INR",2020-05-29,2020-05-01,2020,May,"20-May"
Prod047,Cus016,Mark002,2020-05-30,11,14815,"INR",2020-05-30,2020-05-01,2020,May,"20-May"
Prod047,Cus002,Mark007,2020-06-01,1,1394,"INR",2020-06-01,2020-06-01,2020,June,"20-Jun"
Prod047,Cus007,Mark007,2020-06-01,2,2394,"INR",2020-06-01,2020-06-01,2020,June,"20-Jun"
Prod047,Cus003,Mark002,2020-06-01,150,168167,"INR",2020-06-01,2020-06-01,2020,June,"20-Jun"
Prod047,Cus037,Mark007,2020-06-02,1,1361,"INR",2020-06-02,2020-06-01,2020,June,"20-Jun"
Prod047,Cus002,Mark007,2020-06-02,1,1394,"INR",2020-06-02,2020-06-01,2020,June,"20-Jun"
Prod047,Cus037,Mark007,2020-06-03,1,454,"INR",2020-06-03,2020-06-01,2020,June,"20-Jun"
Prod047,Cus006,Mark007,2020-06-03,4,3412,"INR",2020-06-03,2020-06-01,2020,June,"20-Jun"
Prod047,Cus035,Mark007,2020-06-03,1,1579,"INR",2020-06-03,2020-06-01,2020,June,"20-Jun"
Prod047,Cus037,Mark007,2020-06-04,1,458,"INR",2020-06-04,2020-06-01,2020,June,"20-Jun"
Prod047,Cus002,Mark007,2020-06-04,1,926,"INR",2020-06-04,2020-06-01,2020,June,"20-Jun"
Prod047,Cus007,Mark007,2020-06-04,1,685,"INR",2020-06-04,2020-06-01,2020,June,"20-Jun"
Prod047,Cus016,Mark002,2020-06-04,1,449,"INR",2020-06-04,2020-06-01,2020,June,"20-Jun"
Prod047,Cus022,Mark002,2020-06-04,13,17787,"INR",2020-06-04,2020-06-01,2020,June,"20-Jun"
Prod047,Cus037,Mark007,2020-06-05,1,454,"INR",2020-06-05,2020-06-01,2020,June,"20-Jun"
Prod047,Cus006,Mark007,2020-06-05,1,569,"INR",2020-06-05,2020-06-01,2020,June,"20-Jun"
Prod047,Cus017,Mark007,2020-06-08,61,40042,"INR",2020-06-08,2020-06-01,2020,June,"20-Jun"
Prod047,Cus012,Mark007,2020-06-08,19,18269,"INR",2020-06-08,2020-06-01,2020,June,"20-Jun"
Prod047,Cus037,Mark007,2020-06-09,1,1356,"INR",2020-06-09,2020-06-01,2020,June,"20-Jun"
Prod047,Cus002,Mark007,2020-06-09,2,2319,"INR",2020-06-09,2020-06-01,2020,June,"20-Jun"
Prod047,Cus035,Mark007,2020-06-09,1,1579,"INR",2020-06-09,2020-06-01,2020,June,"20-Jun"
Prod047,Cus036,Mark007,2020-06-10,1,810,"INR",2020-06-10,2020-06-01,2020,June,"20-Jun"
Prod047,Cus006,Mark007,2020-06-10,5,4269,"INR",2020-06-10,2020-06-01,2020,June,"20-Jun"
Prod047,Cus035,Mark007,2020-06-10,1,394,"INR",2020-06-10,2020-06-01,2020,June,"20-Jun"
Prod047,Cus002,Mark007,2020-06-11,2,3250,"INR",2020-06-11,2020-06-01,2020,June,"20-Jun"
Prod047,Cus006,Mark007,2020-06-11,1,282,"INR",2020-06-11,2020-06-01,2020,June,"20-Jun"
Prod047,Cus022,Mark002,2020-06-11,13,17787,"INR",2020-06-11,2020-06-01,2020,June,"20-Jun"
Prod047,Cus002,Mark007,2020-06-12,2,2782,"INR",2020-06-12,2020-06-01,2020,June,"20-Jun"
Prod047,Cus016,Mark002,2020-06-12,1,898,"INR",2020-06-12,2020-06-01,2020,June,"20-Jun"
Prod047,Cus009,Mark002,2020-06-12,1,241,"INR",2020-06-12,2020-06-01,2020,June,"20-Jun"
Prod047,Cus002,Mark007,2020-06-15,1,463,"INR",2020-06-15,2020-06-01,2020,June,"20-Jun"
Prod047,Cus004,Mark002,2020-06-15,27,24218,"INR",2020-06-15,2020-06-01,2020,June,"20-Jun"
Prod047,Cus037,Mark007,2020-06-16,1,454,"INR",2020-06-16,2020-06-01,2020,June,"20-Jun"
Prod047,Cus002,Mark007,2020-06-16,1,1389,"INR",2020-06-16,2020-06-01,2020,June,"20-Jun"
Prod047,Cus035,Mark007,2020-06-16,1,787,"INR",2020-06-16,2020-06-01,2020,June,"20-Jun"
Prod047,Cus016,Mark002,2020-06-16,1,449,"INR",2020-06-16,2020-06-01,2020,June,"20-Jun"
Prod047,Cus002,Mark002,2020-06-16,7,6838,"INR",2020-06-16,2020-06-01,2020,June,"20-Jun"
Prod047,Cus006,Mark007,2020-06-17,2,1991,"INR",2020-06-17,2020-06-01,2020,June,"20-Jun"
Prod048,Cus006,Mark004,2020-02-20,1,1606,"INR",2020-02-20,2020-02-01,2020,February,"20-Feb"
Prod049,Cus002,Mark002,2020-01-02,7,7153,"INR",2020-01-02,2020-01-01,2020,January,"20-Jan"
Prod049,Cus010,Mark002,2020-01-07,3,3079,"INR",2020-01-07,2020-01-01,2020,January,"20-Jan"
Prod049,Cus005,Mark002,2020-01-09,3,588,"INR",2020-01-09,2020-01-01,2020,January,"20-Jan"
Prod049,Cus023,Mark002,2020-01-09,1,852,"INR",2020-01-09,2020-01-01,2020,January,"20-Jan"
Prod051,Cus037,Mark007,2020-01-21,1,259,"INR",2020-01-21,2020-01-01,2020,January,"20-Jan"
Prod051,Cus035,Mark007,2020-01-22,1,1315,"INR",2020-01-22,2020-01-01,2020,January,"20-Jan"
Prod051,Cus037,Mark007,2020-01-24,1,523,"INR",2020-01-24,2020-01-01,2020,January,"20-Jan"
Prod051,Cus037,Mark007,2020-01-28,1,259,"INR",2020-01-28,2020-01-01,2020,January,"20-Jan"
Prod051,Cus037,Mark007,2020-02-04,1,259,"INR",2020-02-04,2020-02-01,2020,February,"20-Feb"
Prod051,Cus037,Mark007,2020-02-07,1,259,"INR",2020-02-07,2020-02-01,2020,February,"20-Feb"
Prod051,Cus038,Mark007,2020-02-14,1,0,"INR",2020-02-14,2020-02-01,2020,February,"20-Feb"
Prod051,Cus037,Mark007,2020-02-21,1,523,"INR",2020-02-21,2020-02-01,2020,February,"20-Feb"
Prod051,Cus037,Mark007,2020-02-25,1,259,"INR",2020-02-25,2020-02-01,2020,February,"20-Feb"
Prod052,Cus023,Mark002,2020-01-08,1,259,"INR",2020-01-08,2020-01-01,2020,January,"20-Jan"
Prod052,Cus026,Mark008,2020-01-30,20,20639,"INR",2020-01-30,2020-01-01,2020,January,"20-Jan"
Prod053,Cus020,Mark011,2020-01-02,5,1190,"INR",2020-01-02,2020-01-01,2020,January,"20-Jan"
Prod053,Cus020,Mark011,2020-01-03,11,2241,"INR",2020-01-03,2020-01-01,2020,January,"20-Jan"
Prod053,Cus020,Mark011,2020-01-07,5,1120,"INR",2020-01-07,2020-01-01,2020,January,"20-Jan"
Prod053,Cus019,Mark011,2020-01-16,3,588,"INR",2020-01-16,2020-01-01,2020,January,"20-Jan"
Prod053,Cus019,Mark011,2020-01-17,3,588,"INR",2020-01-17,2020-01-01,2020,January,"20-Jan"
Prod053,Cus019,Mark011,2020-01-21,8,2097,"INR",2020-01-21,2020-01-01,2020,January,"20-Jan"
Prod053,Cus019,Mark011,2020-01-24,1,208,"INR",2020-01-24,2020-01-01,2020,January,"20-Jan"
Prod053,Cus021,Mark011,2020-02-06,6,1412,"INR",2020-02-06,2020-02-01,2020,February,"20-Feb"
Prod053,Cus018,Mark011,2020-02-11,13,3403,"INR",2020-02-11,2020-02-01,2020,February,"20-Feb"
Prod053,Cus021,Mark011,2020-02-11,41,10407,"INR",2020-02-11,2020-02-01,2020,February,"20-Feb"
Prod053,Cus029,Mark011,2020-02-12,8,1917,"INR",2020-02-12,2020-02-01,2020,February,"20-Feb"
Prod053,Cus018,Mark011,2020-02-13,3,681,"INR",2020-02-13,2020-02-01,2020,February,"20-Feb"
Prod053,Cus019,Mark011,2020-02-17,8,1764,"INR",2020-02-17,2020-02-01,2020,February,"20-Feb"
Prod053,Cus018,Mark011,2020-02-17,3,681,"INR",2020-02-17,2020-02-01,2020,February,"20-Feb"
Prod053,Cus019,Mark011,2020-02-18,3,588,"INR",2020-02-18,2020-02-01,2020,February,"20-Feb"
Prod053,Cus019,Mark011,2020-02-20,5,1176,"INR",2020-02-20,2020-02-01,2020,February,"20-Feb"
Prod053,Cus019,Mark011,2020-02-25,3,588,"INR",2020-02-25,2020-02-01,2020,February,"20-Feb"
Prod053,Cus021,Mark011,2020-02-25,40,9972,"INR",2020-02-25,2020-02-01,2020,February,"20-Feb"
Prod053,Cus019,Mark011,2020-02-26,5,1176,"INR",2020-02-26,2020-02-01,2020,February,"20-Feb"
Prod053,Cus019,Mark011,2020-02-27,3,588,"INR",2020-02-27,2020-02-01,2020,February,"20-Feb"
Prod053,Cus019,Mark011,2020-03-05,5,1176,"INR",2020-03-05,2020-03-01,2020,March,"20-Mar"
Prod053,Cus022,Mark011,2020-03-05,21,6079,"INR",2020-03-05,2020-03-01,2020,March,"20-Mar"
Prod053,Cus024,Mark011,2020-03-12,3,583,"INR",2020-03-12,2020-03-01,2020,March,"20-Mar"
Prod053,Cus020,Mark011,2020-03-16,3,611,"INR",2020-03-16,2020-03-01,2020,March,"20-Mar"
Prod053,Cus017,Mark011,2020-03-17,5,1343,"INR",2020-03-17,2020-03-01,2020,March,"20-Mar"
Prod053,Cus017,Mark011,2020-03-18,8,2597,"INR",2020-03-18,2020-03-01,2020,March,"20-Mar"
Prod053,Cus019,Mark011,2020-03-18,3,588,"INR",2020-03-18,2020-03-01,2020,March,"20-Mar"
Prod053,Cus019,Mark011,2020-04-09,1,208,"INR",2020-04-09,2020-04-01,2020,April,"20-Apr"
Prod053,Cus019,Mark011,2020-04-10,1,102,"INR",2020-04-10,2020-04-01,2020,April,"20-Apr"
Prod053,Cus026,Mark011,2020-04-10,1,204,"INR",2020-04-10,2020-04-01,2020,April,"20-Apr"
Prod053,Cus022,Mark011,2020-04-10,1,176,"INR",2020-04-10,2020-04-01,2020,April,"20-Apr"
Prod053,Cus022,Mark011,2020-04-13,1,528,"INR",2020-04-13,2020-04-01,2020,April,"20-Apr"
Prod053,Cus017,Mark011,2020-04-14,1,176,"INR",2020-04-14,2020-04-01,2020,April,"20-Apr"
Prod053,Cus019,Mark011,2020-04-14,1,208,"INR",2020-04-14,2020-04-01,2020,April,"20-Apr"
Prod053,Cus023,Mark011,2020-04-14,13,3153,"INR",2020-04-14,2020-04-01,2020,April,"20-Apr"
Prod053,Cus017,Mark011,2020-04-15,12,3458,"INR",2020-04-15,2020-04-01,2020,April,"20-Apr"
Prod053,Cus019,Mark011,2020-04-15,8,1898,"INR",2020-04-15,2020-04-01,2020,April,"20-Apr"
Prod053,Cus024,Mark011,2020-04-15,14,3370,"INR",2020-04-15,2020-04-01,2020,April,"20-Apr"
Prod053,Cus020,Mark011,2020-04-15,13,3319,"INR",2020-04-15,2020-04-01,2020,April,"20-Apr"
Prod053,Cus021,Mark011,2020-04-15,18,4366,"INR",2020-04-15,2020-04-01,2020,April,"20-Apr"
Prod053,Cus022,Mark011,2020-04-15,1,176,"INR",2020-04-15,2020-04-01,2020,April,"20-Apr"
Prod053,Cus017,Mark011,2020-04-16,24,5926,"INR",2020-04-16,2020-04-01,2020,April,"20-Apr"
Prod053,Cus019,Mark011,2020-04-16,23,5255,"INR",2020-04-16,2020-04-01,2020,April,"20-Apr"
Prod053,Cus024,Mark011,2020-04-16,9,2185,"INR",2020-04-16,2020-04-01,2020,April,"20-Apr"
Prod053,Cus020,Mark011,2020-04-16,1,343,"INR",2020-04-16,2020-04-01,2020,April,"20-Apr"
Prod053,Cus017,Mark011,2020-04-17,24,5926,"INR",2020-04-17,2020-04-01,2020,April,"20-Apr"
Prod053,Cus019,Mark011,2020-04-17,1,310,"INR",2020-04-17,2020-04-01,2020,April,"20-Apr"
Prod053,Cus024,Mark011,2020-04-17,6,1444,"INR",2020-04-17,2020-04-01,2020,April,"20-Apr"
Prod053,Cus020,Mark011,2020-04-17,13,3236,"INR",2020-04-17,2020-04-01,2020,April,"20-Apr"
Prod053,Cus026,Mark011,2020-04-17,1,102,"INR",2020-04-17,2020-04-01,2020,April,"20-Apr"
Prod053,Cus021,Mark011,2020-04-17,12,3356,"INR",2020-04-17,2020-04-01,2020,April,"20-Apr"
Prod053,Cus017,Mark011,2020-04-20,24,6074,"INR",2020-04-20,2020-04-01,2020,April,"20-Apr"
Prod053,Cus023,Mark011,2020-04-20,1,329,"INR",2020-04-20,2020-04-01,2020,April,"20-Apr"
Prod053,Cus024,Mark011,2020-04-20,6,1347,"INR",2020-04-20,2020-04-01,2020,April,"20-Apr"
Prod053,Cus018,Mark011,2020-04-20,3,824,"INR",2020-04-20,2020-04-01,2020,April,"20-Apr"
Prod053,Cus020,Mark011,2020-04-20,4,1106,"INR",2020-04-20,2020-04-01,2020,April,"20-Apr"
Prod053,Cus026,Mark011,2020-04-20,1,102,"INR",2020-04-20,2020-04-01,2020,April,"20-Apr"
Prod053,Cus021,Mark011,2020-04-20,6,1458,"INR",2020-04-20,2020-04-01,2020,April,"20-Apr"
Prod053,Cus017,Mark011,2020-04-21,36,8894,"INR",2020-04-21,2020-04-01,2020,April,"20-Apr"
Prod053,Cus019,Mark011,2020-04-21,12,3370,"INR",2020-04-21,2020-04-01,2020,April,"20-Apr"
Prod053,Cus024,Mark011,2020-04-21,6,1347,"INR",2020-04-21,2020-04-01,2020,April,"20-Apr"
Prod053,Cus020,Mark011,2020-04-21,3,764,"INR",2020-04-21,2020-04-01,2020,April,"20-Apr"
Prod053,Cus017,Mark011,2020-04-22,15,3773,"INR",2020-04-22,2020-04-01,2020,April,"20-Apr"
Prod053,Cus019,Mark011,2020-04-22,2,491,"INR",2020-04-22,2020-04-01,2020,April,"20-Apr"
Prod053,Cus020,Mark011,2020-04-22,3,852,"INR",2020-04-22,2020-04-01,2020,April,"20-Apr"
Prod053,Cus026,Mark011,2020-04-22,1,102,"INR",2020-04-22,2020-04-01,2020,April,"20-Apr"
Prod053,Cus022,Mark011,2020-04-22,1,352,"INR",2020-04-22,2020-04-01,2020,April,"20-Apr"
Prod053,Cus017,Mark011,2020-04-23,10,2481,"INR",2020-04-23,2020-04-01,2020,April,"20-Apr"
Prod053,Cus019,Mark011,2020-04-23,5,1227,"INR",2020-04-23,2020-04-01,2020,April,"20-Apr"
Prod053,Cus020,Mark011,2020-04-23,1,343,"INR",2020-04-23,2020-04-01,2020,April,"20-Apr"
Prod053,Cus021,Mark011,2020-04-23,30,7630,"INR",2020-04-23,2020-04-01,2020,April,"20-Apr"
Prod053,Cus019,Mark011,2020-04-24,1,310,"INR",2020-04-24,2020-04-01,2020,April,"20-Apr"
Prod053,Cus024,Mark011,2020-04-24,6,1523,"INR",2020-04-24,2020-04-01,2020,April,"20-Apr"
Prod053,Cus026,Mark011,2020-04-24,1,102,"INR",2020-04-24,2020-04-01,2020,April,"20-Apr"
Prod053,Cus021,Mark011,2020-04-24,18,4986,"INR",2020-04-24,2020-04-01,2020,April,"20-Apr"
Prod053,Cus017,Mark011,2020-04-27,5,1532,"INR",2020-04-27,2020-04-01,2020,April,"20-Apr"
Prod053,Cus019,Mark011,2020-04-27,2,412,"INR",2020-04-27,2020-04-01,2020,April,"20-Apr"
Prod053,Cus020,Mark011,2020-04-27,12,3065,"INR",2020-04-27,2020-04-01,2020,April,"20-Apr"
Prod053,Cus022,Mark011,2020-04-27,1,704,"INR",2020-04-27,2020-04-01,2020,April,"20-Apr"
Prod053,Cus029,Mark011,2020-04-27,7,1597,"INR",2020-04-27,2020-04-01,2020,April,"20-Apr"
Prod053,Cus020,Mark011,2020-04-28,1,241,"INR",2020-04-28,2020-04-01,2020,April,"20-Apr"
Prod053,Cus024,Mark011,2020-04-29,3,718,"INR",2020-04-29,2020-04-01,2020,April,"20-Apr"
Prod053,Cus019,Mark011,2020-05-05,3,620,"INR",2020-05-05,2020-05-01,2020,May,"20-May"
Prod053,Cus017,Mark011,2020-05-14,21,5745,"INR",2020-05-14,2020-05-01,2020,May,"20-May"
Prod053,Cus018,Mark011,2020-05-25,3,676,"INR",2020-05-25,2020-05-01,2020,May,"20-May"
Prod053,Cus024,Mark011,2020-05-26,3,560,"INR",2020-05-26,2020-05-01,2020,May,"20-May"
Prod053,Cus019,Mark011,2020-05-28,3,611,"INR",2020-05-28,2020-05-01,2020,May,"20-May"
Prod053,Cus021,Mark011,2020-06-05,6,1593,"INR",2020-06-05,2020-06-01,2020,June,"20-Jun"
Prod053,Cus019,Mark011,2020-06-08,3,903,"INR",2020-06-08,2020-06-01,2020,June,"20-Jun"
Prod053,Cus018,Mark011,2020-06-08,1,167,"INR",2020-06-08,2020-06-01,2020,June,"20-Jun"
Prod053,Cus026,Mark011,2020-06-08,1,102,"INR",2020-06-08,2020-06-01,2020,June,"20-Jun"
Prod053,Cus024,Mark011,2020-06-09,2,495,"INR",2020-06-09,2020-06-01,2020,June,"20-Jun"
Prod053,Cus020,Mark011,2020-06-09,1,83,"INR",2020-06-09,2020-06-01,2020,June,"20-Jun"
Prod053,Cus019,Mark011,2020-06-11,3,731,"INR",2020-06-11,2020-06-01,2020,June,"20-Jun"
Prod053,Cus019,Mark011,2020-06-12,5,1176,"INR",2020-06-12,2020-06-01,2020,June,"20-Jun"
Prod053,Cus018,Mark011,2020-06-12,3,824,"INR",2020-06-12,2020-06-01,2020,June,"20-Jun"
Prod054,Cus025,Mark011,2020-01-01,6,1546,"INR",2020-01-01,2020-01-01,2020,January,"20-Jan"
Prod054,Cus022,Mark011,2020-01-01,1,528,"INR",2020-01-01,2020-01-01,2020,January,"20-Jan"
Prod054,Cus017,Mark011,2020-01-02,10,2486,"INR",2020-01-02,2020-01-01,2020,January,"20-Jan"
Prod054,Cus019,Mark011,2020-01-02,2,519,"INR",2020-01-02,2020-01-01,2020,January,"20-Jan"
Prod054,Cus024,Mark011,2020-01-02,1,167,"INR",2020-01-02,2020-01-01,2020,January,"20-Jan"
Prod054,Cus020,Mark011,2020-01-02,21,4880,"INR",2020-01-02,2020-01-01,2020,January,"20-Jan"
Prod054,Cus021,Mark011,2020-01-02,6,1505,"INR",2020-01-02,2020-01-01,2020,January,"20-Jan"
Prod054,Cus022,Mark011,2020-01-02,3,676,"INR",2020-01-02,2020-01-01,2020,January,"20-Jan"
Prod054,Cus029,Mark011,2020-01-02,7,1602,"INR",2020-01-02,2020-01-01,2020,January,"20-Jan"
Prod054,Cus037,Mark007,2020-01-02,5,1935,"INR",2020-01-02,2020-01-01,2020,January,"20-Jan"
Prod054,Cus002,Mark007,2020-01-02,1,116,"INR",2020-01-02,2020-01-01,2020,January,"20-Jan"
Prod054,Cus035,Mark007,2020-01-02,3,1051,"INR",2020-01-02,2020-01-01,2020,January,"20-Jan"
Prod054,Cus017,Mark011,2020-01-03,49,12500,"INR",2020-01-03,2020-01-01,2020,January,"20-Jan"
Prod054,Cus019,Mark011,2020-01-03,18,3898,"INR",2020-01-03,2020-01-01,2020,January,"20-Jan"
Prod054,Cus024,Mark011,2020-01-03,14,2935,"INR",2020-01-03,2020-01-01,2020,January,"20-Jan"
Prod054,Cus020,Mark011,2020-01-03,1,282,"INR",2020-01-03,2020-01-01,2020,January,"20-Jan"
Prod054,Cus025,Mark011,2020-01-03,18,4204,"INR",2020-01-03,2020-01-01,2020,January,"20-Jan"
Prod054,Cus021,Mark011,2020-01-03,144,36495,"INR",2020-01-03,2020-01-01,2020,January,"20-Jan"
Prod054,Cus022,Mark011,2020-01-03,7,1898,"INR",2020-01-03,2020-01-01,2020,January,"20-Jan"
Prod054,Cus037,Mark007,2020-01-03,3,1245,"INR",2020-01-03,2020-01-01,2020,January,"20-Jan"
Prod054,Cus002,Mark007,2020-01-03,12,4051,"INR",2020-01-03,2020-01-01,2020,January,"20-Jan"
Prod054,Cus017,Mark011,2020-01-07,27,7292,"INR",2020-01-07,2020-01-01,2020,January,"20-Jan"
Prod054,Cus019,Mark011,2020-01-07,2,514,"INR",2020-01-07,2020-01-01,2020,January,"20-Jan"
Prod054,Cus020,Mark011,2020-01-07,2,454,"INR",2020-01-07,2020-01-01,2020,January,"20-Jan"
Prod054,Cus021,Mark011,2020-01-07,246,52458,"INR",2020-01-07,2020-01-01,2020,January,"20-Jan"
Prod054,Cus022,Mark011,2020-01-07,1,176,"INR",2020-01-07,2020-01-01,2020,January,"20-Jan"
Prod054,Cus036,Mark007,2020-01-07,1,93,"INR",2020-01-07,2020-01-01,2020,January,"20-Jan"
Prod054,Cus037,Mark007,2020-01-07,1,139,"INR",2020-01-07,2020-01-01,2020,January,"20-Jan"
Prod054,Cus002,Mark007,2020-01-07,1,347,"INR",2020-01-07,2020-01-01,2020,January,"20-Jan"
Prod054,Cus019,Mark011,2020-01-08,1,310,"INR",2020-01-08,2020-01-01,2020,January,"20-Jan"
Prod054,Cus020,Mark011,2020-01-08,3,630,"INR",2020-01-08,2020-01-01,2020,January,"20-Jan"
Prod054,Cus021,Mark011,2020-01-08,264,56903,"INR",2020-01-08,2020-01-01,2020,January,"20-Jan"
Prod054,Cus036,Mark007,2020-01-08,8,2264,"INR",2020-01-08,2020-01-01,2020,January,"20-Jan"
Prod054,Cus002,Mark007,2020-01-08,3,1042,"INR",2020-01-08,2020-01-01,2020,January,"20-Jan"
Prod054,Cus035,Mark007,2020-01-08,4,1264,"INR",2020-01-08,2020-01-01,2020,January,"20-Jan"
Prod054,Cus019,Mark011,2020-01-09,1,204,"INR",2020-01-09,2020-01-01,2020,January,"20-Jan"
Prod054,Cus020,Mark011,2020-01-09,2,352,"INR",2020-01-09,2020-01-01,2020,January,"20-Jan"
Prod054,Cus030,Mark011,2020-01-09,33,5361,"INR",2020-01-09,2020-01-01,2020,January,"20-Jan"
Prod054,Cus037,Mark007,2020-01-09,10,4144,"INR",2020-01-09,2020-01-01,2020,January,"20-Jan"
Prod054,Cus002,Mark007,2020-01-09,1,231,"INR",2020-01-09,2020-01-01,2020,January,"20-Jan"
Prod054,Cus035,Mark007,2020-01-09,5,1579,"INR",2020-01-09,2020-01-01,2020,January,"20-Jan"
Prod054,Cus017,Mark011,2020-01-10,1,421,"INR",2020-01-10,2020-01-01,2020,January,"20-Jan"
Prod054,Cus019,Mark011,2020-01-10,12,3546,"INR",2020-01-10,2020-01-01,2020,January,"20-Jan"
Prod054,Cus020,Mark011,2020-01-10,2,472,"INR",2020-01-10,2020-01-01,2020,January,"20-Jan"
Prod054,Cus021,Mark011,2020-01-10,12,3282,"INR",2020-01-10,2020-01-01,2020,January,"20-Jan"
Prod054,Cus022,Mark011,2020-01-10,1,352,"INR",2020-01-10,2020-01-01,2020,January,"20-Jan"
Prod054,Cus016,Mark007,2020-01-10,1,102,"INR",2020-01-10,2020-01-01,2020,January,"20-Jan"
Prod054,Cus037,Mark007,2020-01-10,1,139,"INR",2020-01-10,2020-01-01,2020,January,"20-Jan"
Prod054,Cus002,Mark007,2020-01-10,13,4398,"INR",2020-01-10,2020-01-01,2020,January,"20-Jan"
Prod054,Cus019,Mark011,2020-01-11,2,370,"INR",2020-01-11,2020-01-01,2020,January,"20-Jan"
Prod054,Cus022,Mark011,2020-01-11,1,176,"INR",2020-01-11,2020-01-01,2020,January,"20-Jan"
Prod054,Cus027,Mark012,2020-01-13,119,15514,"INR",2020-01-13,2020-01-01,2020,January,"20-Jan"
Prod054,Cus017,Mark011,2020-01-13,6,1782,"INR",2020-01-13,2020-01-01,2020,January,"20-Jan"
Prod054,Cus019,Mark011,2020-01-13,1,74,"INR",2020-01-13,2020-01-01,2020,January,"20-Jan"
Prod054,Cus024,Mark011,2020-01-13,1,171,"INR",2020-01-13,2020-01-01,2020,January,"20-Jan"
Prod054,Cus020,Mark011,2020-01-13,2,602,"INR",2020-01-13,2020-01-01,2020,January,"20-Jan"
Prod054,Cus022,Mark011,2020-01-13,9,1819,"INR",2020-01-13,2020-01-01,2020,January,"20-Jan"
Prod054,Cus022,Mark011,2020-01-13,1,352,"INR",2020-01-13,2020-01-01,2020,January,"20-Jan"
Prod054,Cus036,Mark007,2020-01-13,1,139,"INR",2020-01-13,2020-01-01,2020,January,"20-Jan"
Prod054,Cus019,Mark011,2020-01-14,3,736,"INR",2020-01-14,2020-01-01,2020,January,"20-Jan"
Prod054,Cus022,Mark011,2020-01-14,1,176,"INR",2020-01-14,2020-01-01,2020,January,"20-Jan"
Prod054,Cus037,Mark007,2020-01-14,5,2208,"INR",2020-01-14,2020-01-01,2020,January,"20-Jan"
Prod054,Cus002,Mark007,2020-01-14,19,6597,"INR",2020-01-14,2020-01-01,2020,January,"20-Jan"
Prod054,Cus035,Mark007,2020-01-14,3,843,"INR",2020-01-14,2020-01-01,2020,January,"20-Jan"
Prod054,Cus019,Mark011,2020-01-15,1,204,"INR",2020-01-15,2020-01-01,2020,January,"20-Jan"
Prod054,Cus024,Mark011,2020-01-15,38,9278,"INR",2020-01-15,2020-01-01,2020,January,"20-Jan"
Prod054,Cus020,Mark011,2020-01-15,4,847,"INR",2020-01-15,2020-01-01,2020,January,"20-Jan"
Prod054,Cus026,Mark011,2020-01-15,1,435,"INR",2020-01-15,2020-01-01,2020,January,"20-Jan"
Prod054,Cus021,Mark011,2020-01-15,18,4722,"INR",2020-01-15,2020-01-01,2020,January,"20-Jan"
Prod054,Cus036,Mark007,2020-01-15,4,769,"INR",2020-01-15,2020-01-01,2020,January,"20-Jan"
Prod054,Cus037,Mark007,2020-01-15,1,412,"INR",2020-01-15,2020-01-01,2020,January,"20-Jan"
Prod054,Cus035,Mark007,2020-01-15,4,1157,"INR",2020-01-15,2020-01-01,2020,January,"20-Jan"
Prod054,Cus015,Mark007,2020-01-15,3,1019,"INR",2020-01-15,2020-01-01,2020,January,"20-Jan"
Prod054,Cus019,Mark011,2020-01-16,7,1926,"INR",2020-01-16,2020-01-01,2020,January,"20-Jan"
Prod054,Cus020,Mark011,2020-01-16,4,1023,"INR",2020-01-16,2020-01-01,2020,January,"20-Jan"
Prod054,Cus026,Mark011,2020-01-16,2,662,"INR",2020-01-16,2020-01-01,2020,January,"20-Jan"
Prod054,Cus021,Mark011,2020-01-16,36,7792,"INR",2020-01-16,2020-01-01,2020,January,"20-Jan"
Prod054,Cus037,Mark007,2020-01-16,1,282,"INR",2020-01-16,2020-01-01,2020,January,"20-Jan"
Prod054,Cus002,Mark007,2020-01-16,4,1273,"INR",2020-01-16,2020-01-01,2020,January,"20-Jan"
Prod054,Cus019,Mark011,2020-01-17,11,2625,"INR",2020-01-17,2020-01-01,2020,January,"20-Jan"
Prod054,Cus023,Mark011,2020-01-17,5,1148,"INR",2020-01-17,2020-01-01,2020,January,"20-Jan"
Prod054,Cus024,Mark011,2020-01-17,1,343,"INR",2020-01-17,2020-01-01,2020,January,"20-Jan"
Prod054,Cus020,Mark011,2020-01-17,2,472,"INR",2020-01-17,2020-01-01,2020,January,"20-Jan"
Prod054,Cus021,Mark011,2020-01-17,18,4773,"INR",2020-01-17,2020-01-01,2020,January,"20-Jan"
Prod054,Cus022,Mark011,2020-01-17,1,352,"INR",2020-01-17,2020-01-01,2020,January,"20-Jan"
Prod054,Cus036,Mark007,2020-01-17,1,139,"INR",2020-01-17,2020-01-01,2020,January,"20-Jan"
Prod054,Cus037,Mark007,2020-01-17,1,551,"INR",2020-01-17,2020-01-01,2020,January,"20-Jan"
Prod054,Cus002,Mark007,2020-01-17,8,2894,"INR",2020-01-17,2020-01-01,2020,January,"20-Jan"
Prod054,Cus017,Mark011,2020-01-20,4,1171,"INR",2020-01-20,2020-01-01,2020,January,"20-Jan"
Prod054,Cus019,Mark011,2020-01-20,3,815,"INR",2020-01-20,2020-01-01,2020,January,"20-Jan"
Prod054,Cus024,Mark011,2020-01-20,9,2079,"INR",2020-01-20,2020-01-01,2020,January,"20-Jan"
Prod054,Cus020,Mark011,2020-01-20,2,556,"INR",2020-01-20,2020-01-01,2020,January,"20-Jan"
Prod054,Cus021,Mark011,2020-01-20,6,1620,"INR",2020-01-20,2020-01-01,2020,January,"20-Jan"
Prod054,Cus022,Mark011,2020-01-20,1,176,"INR",2020-01-20,2020-01-01,2020,January,"20-Jan"
Prod054,Cus002,Mark007,2020-01-20,1,231,"INR",2020-01-20,2020-01-01,2020,January,"20-Jan"
Prod054,Cus019,Mark011,2020-01-21,4,898,"INR",2020-01-21,2020-01-01,2020,January,"20-Jan"
Prod054,Cus020,Mark011,2020-01-21,1,255,"INR",2020-01-21,2020-01-01,2020,January,"20-Jan"
Prod054,Cus021,Mark011,2020-01-21,12,3157,"INR",2020-01-21,2020-01-01,2020,January,"20-Jan"
Prod054,Cus037,Mark007,2020-01-21,4,1657,"INR",2020-01-21,2020-01-01,2020,January,"20-Jan"
Prod054,Cus002,Mark007,2020-01-21,5,1736,"INR",2020-01-21,2020-01-01,2020,January,"20-Jan"
Prod054,Cus019,Mark011,2020-01-22,16,3907,"INR",2020-01-22,2020-01-01,2020,January,"20-Jan"
Prod054,Cus024,Mark011,2020-01-22,2,509,"INR",2020-01-22,2020-01-01,2020,January,"20-Jan"
Prod054,Cus020,Mark011,2020-01-22,4,847,"INR",2020-01-22,2020-01-01,2020,January,"20-Jan"
Prod054,Cus036,Mark007,2020-01-22,19,3972,"INR",2020-01-22,2020-01-01,2020,January,"20-Jan"
Prod054,Cus017,Mark007,2020-01-22,18,3264,"INR",2020-01-22,2020-01-01,2020,January,"20-Jan"
Prod054,Cus038,Mark007,2020-01-22,1,0,"INR",2020-01-22,2020-01-01,2020,January,"20-Jan"
Prod054,Cus037,Mark007,2020-01-22,1,139,"INR",2020-01-22,2020-01-01,2020,January,"20-Jan"
Prod054,Cus035,Mark007,2020-01-22,4,1157,"INR",2020-01-22,2020-01-01,2020,January,"20-Jan"
Prod054,Cus019,Mark011,2020-01-23,7,1792,"INR",2020-01-23,2020-01-01,2020,January,"20-Jan"
Prod054,Cus024,Mark011,2020-01-23,2,407,"INR",2020-01-23,2020-01-01,2020,January,"20-Jan"
Prod054,Cus020,Mark011,2020-01-23,1,83,"INR",2020-01-23,2020-01-01,2020,January,"20-Jan"
Prod054,Cus026,Mark011,2020-01-23,1,218,"INR",2020-01-23,2020-01-01,2020,January,"20-Jan"
Prod054,Cus021,Mark011,2020-01-23,84,23671,"INR",2020-01-23,2020-01-01,2020,January,"20-Jan"
Prod054,Cus002,Mark007,2020-01-23,5,1620,"INR",2020-01-23,2020-01-01,2020,January,"20-Jan"
Prod054,Cus035,Mark007,2020-01-23,2,528,"INR",2020-01-23,2020-01-01,2020,January,"20-Jan"
Prod054,Cus017,Mark011,2020-01-24,18,4912,"INR",2020-01-24,2020-01-01,2020,January,"20-Jan"
Prod054,Cus019,Mark011,2020-01-24,3,593,"INR",2020-01-24,2020-01-01,2020,January,"20-Jan"
Prod054,Cus023,Mark011,2020-01-24,12,3889,"INR",2020-01-24,2020-01-01,2020,January,"20-Jan"
Prod054,Cus024,Mark011,2020-01-24,7,1699,"INR",2020-01-24,2020-01-01,2020,January,"20-Jan"
Prod054,Cus020,Mark011,2020-01-24,6,1523,"INR",2020-01-24,2020-01-01,2020,January,"20-Jan"
Prod054,Cus026,Mark011,2020-01-24,1,329,"INR",2020-01-24,2020-01-01,2020,January,"20-Jan"
Prod054,Cus037,Mark007,2020-01-24,1,556,"INR",2020-01-24,2020-01-01,2020,January,"20-Jan"
Prod054,Cus002,Mark007,2020-01-24,9,3125,"INR",2020-01-24,2020-01-01,2020,January,"20-Jan"
Prod054,Cus017,Mark011,2020-01-27,32,8338,"INR",2020-01-27,2020-01-01,2020,January,"20-Jan"
Prod054,Cus019,Mark011,2020-01-27,1,417,"INR",2020-01-27,2020-01-01,2020,January,"20-Jan"
Prod054,Cus024,Mark011,2020-01-27,15,3685,"INR",2020-01-27,2020-01-01,2020,January,"20-Jan"
Prod054,Cus020,Mark011,2020-01-27,14,3574,"INR",2020-01-27,2020-01-01,2020,January,"20-Jan"
Prod054,Cus021,Mark011,2020-01-27,90,19639,"INR",2020-01-27,2020-01-01,2020,January,"20-Jan"
Prod054,Cus002,Mark007,2020-01-27,1,231,"INR",2020-01-27,2020-01-01,2020,January,"20-Jan"
Prod054,Cus015,Mark007,2020-01-27,2,792,"INR",2020-01-27,2020-01-01,2020,January,"20-Jan"
Prod054,Cus017,Mark011,2020-01-28,3,907,"INR",2020-01-28,2020-01-01,2020,January,"20-Jan"
Prod054,Cus019,Mark011,2020-01-28,7,1625,"INR",2020-01-28,2020-01-01,2020,January,"20-Jan"
Prod054,Cus024,Mark011,2020-01-28,12,3056,"INR",2020-01-28,2020-01-01,2020,January,"20-Jan"
Prod054,Cus020,Mark011,2020-01-28,96,24505,"INR",2020-01-28,2020-01-01,2020,January,"20-Jan"
Prod054,Cus026,Mark011,2020-01-28,1,111,"INR",2020-01-28,2020-01-01,2020,January,"20-Jan"
Prod054,Cus037,Mark007,2020-01-28,3,1380,"INR",2020-01-28,2020-01-01,2020,January,"20-Jan"
Prod054,Cus002,Mark007,2020-01-28,11,3819,"INR",2020-01-28,2020-01-01,2020,January,"20-Jan"
Prod054,Cus035,Mark007,2020-01-28,4,1157,"INR",2020-01-28,2020-01-01,2020,January,"20-Jan"
Prod054,Cus017,Mark011,2020-01-29,6,1671,"INR",2020-01-29,2020-01-01,2020,January,"20-Jan"
Prod054,Cus019,Mark011,2020-01-29,26,6944,"INR",2020-01-29,2020-01-01,2020,January,"20-Jan"
Prod054,Cus020,Mark011,2020-01-29,6,1444,"INR",2020-01-29,2020-01-01,2020,January,"20-Jan"
Prod054,Cus026,Mark011,2020-01-29,1,440,"INR",2020-01-29,2020-01-01,2020,January,"20-Jan"
Prod054,Cus021,Mark011,2020-01-29,36,9968,"INR",2020-01-29,2020-01-01,2020,January,"20-Jan"
Prod054,Cus036,Mark007,2020-01-29,10,2162,"INR",2020-01-29,2020-01-01,2020,January,"20-Jan"
Prod054,Cus037,Mark007,2020-01-29,1,278,"INR",2020-01-29,2020-01-01,2020,January,"20-Jan"
Prod054,Cus035,Mark007,2020-01-29,5,1472,"INR",2020-01-29,2020-01-01,2020,January,"20-Jan"
Prod054,Cus019,Mark011,2020-01-30,5,1162,"INR",2020-01-30,2020-01-01,2020,January,"20-Jan"
Prod054,Cus023,Mark011,2020-01-30,24,7259,"INR",2020-01-30,2020-01-01,2020,January,"20-Jan"
Prod054,Cus024,Mark011,2020-01-30,1,83,"INR",2020-01-30,2020-01-01,2020,January,"20-Jan"
Prod054,Cus020,Mark011,2020-01-30,9,2296,"INR",2020-01-30,2020-01-01,2020,January,"20-Jan"
Prod054,Cus026,Mark011,2020-01-30,1,329,"INR",2020-01-30,2020-01-01,2020,January,"20-Jan"
Prod054,Cus021,Mark011,2020-01-30,24,5657,"INR",2020-01-30,2020-01-01,2020,January,"20-Jan"
Prod054,Cus002,Mark007,2020-01-30,5,1620,"INR",2020-01-30,2020-01-01,2020,January,"20-Jan"
Prod054,Cus017,Mark011,2020-01-31,12,3088,"INR",2020-01-31,2020-01-01,2020,January,"20-Jan"
Prod054,Cus019,Mark011,2020-01-31,39,3120,"INR",2020-01-31,2020-01-01,2020,January,"20-Jan"
